symbol,sector,peer_group,beginning_weight,ending_weight,return,return_contribution,return_contribution_pct,strategy
JSWSTEEL.NS,Metals & Mining,Metals,0.1048635246862784,0.1048635246862784,3.812904669840938,0.3998346229722914,0.13902242848227428,buy_and_hold
BAJAJ-AUTO.NS,Automobile & Auto Components,Automobiles,0.1045514308628074,0.1045514308628074,3.284680527462835,0.3434180490734403,0.11940639560407229,buy_and_hold
MAXHEALTH.NS,Healthcare,Hospitals & Healthcare Services,0.102990961745452,0.102990961745452,8.131332346413627,0.8374537386290423,0.29118251846298343,buy_and_hold
NESTLEIND.NS,Fast Moving Consumer Goods,FMCG & Consumer Staples,0.1019506490005484,0.1019506490005484,0.7626517865404907,0.07775284459923074,0.02703465046932425,buy_and_hold
ICICIBANK.NS,Financial Services,Banks,0.0998700235107414,0.0998700235107414,2.7272734832607153,0.27237286689346923,0.09470399818485319,buy_and_hold
SUNPHARMA.NS,Healthcare,Pharmaceuticals,0.0998700235107414,0.0998700235107414,2.697102952991279,0.26935973532612906,0.09365633286584137,buy_and_hold
TITAN.NS,Consumer Durables,Consumer Products,0.0996439963774688,0.0996439963774688,3.372409417235061,0.33604035175431207,0.11684117153646209,buy_and_hold
RELIANCE.NS,"Oil, Gas & Consumable Fuels",Energy,0.097997460569915,0.097997460569915,0.3047671117983799,0.02986640302146861,0.010384543107370274,buy_and_hold
BAJFINANCE.NS,Financial Services,Non-Banking Financials,0.0943216888712557,0.0943216888712557,2.021138262511768,0.1906371743624253,0.06628451218617898,buy_and_hold
HCLTECH.NS,Information Technology,IT Services,0.0939402408647911,0.0939402408647911,1.2700438521907156,0.11930822538364295,0.04148344910063982,buy_and_hold
