peer_group,beginning_weight,ending_weight,return,return_contribution,return_contribution_pct,strategy
Automobiles,0.1045514308628074,0.1045514308628074,3.284680527462835,0.3434180490734403,0.11940639560407232,buy_and_hold
Banks,0.0998700235107414,0.0998700235107414,2.7272734832607153,0.27237286689346923,0.0947039981848532,buy_and_hold
Consumer Products,0.0996439963774688,0.0996439963774688,3.3724094172350605,0.33604035175431207,0.1168411715364621,buy_and_hold
Energy,0.097997460569915,0.097997460569915,0.3047671117983799,0.02986640302146861,0.010384543107370275,buy_and_hold
FMCG & Consumer Staples,0.1019506490005484,0.1019506490005484,0.7626517865404908,0.07775284459923074,0.027034650469324253,buy_and_hold
Hospitals & Healthcare Services,0.102990961745452,0.102990961745452,8.131332346413627,0.8374537386290423,0.2911825184629835,buy_and_hold
IT Services,0.0939402408647911,0.0939402408647911,1.2700438521907156,0.11930822538364295,0.04148344910063983,buy_and_hold
Metals,0.1048635246862784,0.1048635246862784,3.812904669840938,0.3998346229722914,0.1390224284822743,buy_and_hold
Non-Banking Financials,0.0943216888712557,0.0943216888712557,2.021138262511768,0.1906371743624253,0.06628451218617899,buy_and_hold
Pharmaceuticals,0.0998700235107414,0.0998700235107414,2.697102952991279,0.26935973532612906,0.0936563328658414,buy_and_hold
