symbol,start_date,end_date,total_return,cagr,annualized_volatility,maximum_drawdown,sharpe_ratio,sortino_ratio,beta,correlation,net_profit_margin,operating_margin,roe,debt_to_equity,free_cash_flow,revenue_growth
ADANIENT.NS,2016-09-29,2026-09-27,83.22840224782999,0.5587747840722601,0.5043613619946745,-0.7134660052175902,1.0315188180719799,1.0633301530659482,1.4928527403685206,0.47882973188510114,0.09314598159993186,0.08415289493993139,0.11540760411215438,1.3175228712174525,-310122100000.0,0.02615813887227536
ADANIPORTS.NS,2016-09-29,2026-09-27,6.3471791781127,0.22100910836359744,0.3645299727570396,-0.5292106689539766,0.5780153336155069,0.5785574803908304,1.273414891369068,0.5650882160389039,0.33060424512020803,0.4505091805326188,0.1332241355813714,0.6578513669138094,50359400000.0,0.2710533405216613
APOLLOHOSP.NS,2016-09-29,2026-09-27,5.867104608860799,0.21277597981001928,0.30962625433180724,-0.39422335307449274,0.5944781998602434,0.6579886182768746,0.7090954378016407,0.37045254866336425,0.0779467375334195,0.11654476407633699,0.2048185145726311,0.8958133353023702,8937000000.0,0.15719548281901075
ASIANPAINT.NS,2016-09-29,2026-09-27,1.2783970780070208,0.08594306695317111,0.24357809706868316,-0.39041571544941,0.22034739315341922,0.2251392504526512,0.7448237520931886,0.49467649576798706,0.12170063222934703,0.15776724843771542,0.20238784292605277,0.18383891886378131,56008600000.0,0.0510341955991942
AXISBANK.NS,2016-09-29,2026-09-27,1.3030984846524705,0.08711614129423961,0.32008912010401463,-0.6311053867531768,0.24042436625354333,0.24143717083364188,1.3235779979044429,0.6688791891299191,0.29959868196269424,,0.12270005838574913,1.304486076359073,-108467100000.0,0.04014464440245846
BAJAJ-AUTO.NS,2016-09-29,2026-09-27,4.112163630035247,0.1774646695237163,0.2534261283806056,-0.4231352617441182,0.5466723462584144,0.5574368309671726,0.800810648197536,0.5111977650368332,0.17792424556311742,0.21292333393446178,0.27668450676877493,0.5830205971931904,18742800000.0,0.22569856668618615
BAJFINANCE.NS,2016-09-29,2026-09-27,8.95546900327352,0.25872045153469214,0.35479810831786224,-0.6243781309110195,0.6700528384611122,0.6781536694686414,1.4203963609209123,0.6476371320335559,0.38290984980504555,,0.16682064459852375,3.095173186576516,-667509000000.0,0.19734727240422223
BAJAJFINSV.NS,2016-09-29,2026-09-27,4.729280446336342,0.19097740928169715,0.3222887358328083,-0.5856634270905929,0.5289028692763336,0.5416551533151067,1.313912423036283,0.6595032922187408,0.07146291919153105,,0.12579042796213877,4.638108006576905,-567495900000.0,0.13625484428648638
BEL.NS,2016-09-29,2026-09-27,11.541677645689118,0.2881636840667272,0.3583089126422426,-0.6720354041296999,0.732305637254441,0.7613425081622228,1.0266448173864657,0.46346175753705143,0.2262238272429167,0.2907968848135594,0.25270642241992036,0.0027288291672068602,5560100000.0,0.15915223663663136
BHARTIARTL.NS,2016-09-29,2026-09-27,5.681776121165579,0.20945843235972883,0.28792362128728544,-0.46781882925965046,0.6073544259263106,0.6700083698959998,0.8259233848692874,0.46416386793732944,0.12653384701724582,0.32149689438638535,0.1790943842808705,1.3109899192655676,755154000000.0,0.2196002895045357
CIPLA.NS,2016-09-29,2026-09-27,1.4937116995543271,0.09580575602202424,0.2566559806439403,-0.43397645006828167,0.2563779421600085,0.2899373584696544,0.4773223732704438,0.30082801571979134,0.1399853274917553,0.17485472737317717,0.1126636742908839,0.017825595123134183,8607100000.0,0.020861361409299617
COALINDIA.NS,2016-09-29,2026-09-27,1.8799062503029456,0.11171765270342537,0.2878534424462928,-0.5708184563498546,0.30988994321566227,0.32319805954945985,0.7543175872850035,0.4239864140978042,0.18684529793477,0.19024818934089185,0.26107374244300413,0.11815277650435477,307149600000.0,0.0007317089890881423
DRREDDY.NS,2016-09-29,2026-09-27,1.049783106495013,0.0745069818535431,0.2553137129092757,-0.43297467959854274,0.17855139816248738,0.18931789959176606,0.4781467906872075,0.30293042555749145,0.12755519701845308,0.14920534749488737,0.11364148696636901,0.20511426472499292,18330000000.0,0.03194126591610735
EICHERMOT.NS,2016-09-29,2026-09-27,2.2021641664452867,0.1235870070417675,0.3045671802662348,-0.6066457499983744,0.34455346219811905,0.3606667335373991,1.019414485372887,0.5414807729487875,0.24002668689508944,0.21568860414743596,0.21972896576315282,0.02047597325115587,35295800000.0,0.23947080111833885
ETERNAL.NS,2016-09-29,2026-09-27,1.6587301587301586,0.20800848936565752,0.4661367097495597,-0.7401746679166881,0.5149898027672073,0.5508425252193007,1.3479212040772426,0.39514634062591153,0.006732396438819808,-0.0011588551247148848,0.011814073595868302,0.14822466107165913,-11190000000.0,1.6855703206046533
GRASIM.NS,2016-09-29,2026-09-27,3.6371812906785115,0.16602427908550688,0.2911963228233374,-0.6858966731978511,0.47708575136604336,0.48734404426698896,1.134682037619121,0.6304891915600922,0.028555373988936466,0.09738580291118222,0.0479992639406699,2.2020124302792543,-334359000000.0,0.181726962818628
HCLTECH.NS,2016-09-29,2026-09-27,3.253470546196871,0.15598420960214887,0.2655186348854563,-0.44764475923001057,0.46277986271791605,0.46518221216675837,0.7489662595658186,0.4563313912011013,0.12787373985738873,0.3136448856651094,0.2214062396061997,0.06938069580256769,185530000000.0,0.11181923027636587
HDFCBANK.NS,2016-09-29,2026-09-27,1.5254121791548676,0.09719256718746427,0.23008884709043315,-0.4105497582696406,0.26492103031492803,0.266862606587413,1.0397647842668614,0.7311721940495618,0.36599947301398505,,0.0862935303390961,0.8134343829261803,1065776300000.0,0.04733207584666732
HDFCLIFE.NS,2016-09-29,2026-09-27,0.5826995567391773,0.05322264993210957,0.28999926076000404,-0.46191933935947294,0.12033695218603144,0.1262992955252931,0.9115567340258404,0.5270153821535878,0.020875438370887917,,0.10773913014083746,0.17459607403910185,,0.017072444726254465
HINDALCO.NS,2016-09-29,2026-09-27,5.933010977188264,0.21393636351119505,0.36901835865007376,-0.6820460154552108,0.5572563365718571,0.5600418855470298,1.3364677606729738,0.5858872807459746,0.04911569017246059,0.10719551646481466,0.09804294824392494,0.7260127541494915,-198460000000.0,0.15028140847685023
HINDUNILVR.NS,2016-09-29,2026-09-27,1.5982142521911697,0.10031909148930773,0.2196783785078342,-0.33776807394519504,0.27911310043416054,0.30347944850733405,0.5935234840012517,0.4372047235550653,0.2358734689396672,0.21518749117826952,0.30858878082810126,0.030325413435101974,96380000000.0,0.05266372806365882
ICICIBANK.NS,2016-09-29,2026-09-27,5.168530164113104,0.19981874397001698,0.2913273724681753,-0.48307255997204324,0.5763654768504524,0.6113922152067052,1.2675229006221365,0.7038427228161029,0.2426408937236096,,0.1493076646637024,0.571853421694851,635954240000.0,0.09130659855140055
ITC.NS,2016-09-29,2026-09-27,0.6315589763219571,0.050235038523795295,0.2376683335440587,-0.552811347150198,0.07700097019675844,0.07834233208178845,0.7104438855909022,0.48358417874966025,0.26452630550719775,0.3272531212090837,0.2853432688846502,0.033091288739202813,162814200000.0,0.047686559686829666
INFY.NS,2016-09-29,2026-09-27,1.5714235052882604,0.09917782435684441,0.2696612540795359,-0.48171644951277115,0.27005883406741393,0.2692907191621561,0.8244657810508822,0.4947048188732346,0.16435162218474056,0.20284750471276913,0.33854486000408746,0.0988146331493971,3733000000.0,0.04570213207449303
INDIGO.NS,2016-09-29,2026-09-27,4.676035305227745,0.18986454614999393,0.3534938846917789,-0.5465033188716091,0.5079506000645474,0.5224085988012446,0.8924366295654129,0.4084533940973058,-0.02891949959436046,0.12432277542078302,-0.34311658131428324,11.153074837543572,217598000000.0,0.06558093034401558
JSWSTEEL.NS,2016-09-29,2026-09-27,7.4778657322079685,0.2386344717375204,0.3285164297469409,-0.6573619560184233,0.6459828241457304,0.6486298030407984,1.282792314722252,0.6317241457053736,0.12259046237852744,0.128243159357713,0.2230417878524382,1.1901592156157237,104980000000.0,0.0928230526789735
JIOFIN.NS,2016-09-29,2026-09-27,-0.08442578038621629,-0.028083058915210013,0.32645195919756526,-0.4820982132210173,-0.11049996398975558,-0.11945759842006286,1.387962223854508,0.5560005201674184,0.49003079763037194,0.7192298394818715,0.011661248682235567,0.16262813720573352,-155441000000.0,1.3640594037361122
KOTAKBANK.NS,2016-09-29,2026-09-27,1.6344133118121698,0.10184444070895338,0.26001644390802425,-0.3649898977994195,0.2792032449565992,0.2819900238851402,1.0121329399262275,0.6296877877368315,0.2544961931937709,,0.1064301272451493,0.5263792141059039,406685443000.0,-0.0025785220412067877
LT.NS,2016-09-29,2026-09-27,3.71666195676271,0.16801002824927402,0.2606086930484453,-0.5444239665164818,0.507347632009883,0.5275979514884954,1.1008590995694822,0.6832924061038216,0.05658889699396454,0.09524338782217016,0.14716826272900124,1.1482959983456829,119317800000.0,0.11807835807318123
M&M.NS,2016-09-29,2026-09-27,3.8836517704738354,0.1720858667822338,0.30551646306954733,-0.7227709914561804,0.4849006038059181,0.5043881448125019,1.1343174548052795,0.6012310007215903,0.08855013737846518,0.15550967786038122,0.18366831782341628,1.4389731713434522,20519100000.0,0.2406285292594197
MARUTI.NS,2016-09-29,2026-09-27,1.437173957193179,0.09329252143713807,0.2738134805703382,-0.5826466124506664,0.2493602183538762,0.2607533124944953,1.0306636738081185,0.6088977985839356,0.08289096022961803,0.08350588754791943,0.13699147880245957,0.0009565466519467357,87023000000.0,0.20089361396256566
MAXHEALTH.NS,2016-09-29,2026-09-27,8.131332346413627,0.43750002471192095,0.36667229736644996,-0.28332944022275397,1.0227905122740497,1.1692078472151524,0.6149154494984822,0.2381110386050271,0.17535982921257612,0.22823609221645555,0.13421975074976994,0.3236698388238918,1487900000.0,0.19030412308475975
NTPC.NS,2016-09-29,2026-09-27,2.7810885668663845,0.14243878085801986,0.256822734641198,-0.46830084479294976,0.42301923163009664,0.44030706758364485,0.7503007629340167,0.47256430593069854,0.14701236478907428,0.20871903728424276,0.1331484227417584,1.3338436634662014,68520300000.0,-0.01197865728840175
NESTLEIND.NS,2016-09-29,2026-09-27,3.8556709047066855,0.17141175256311447,0.21916732409358186,-0.2287989344379716,0.5703427262988225,0.6240863545483001,0.5427978845874479,0.40061138478388814,0.1597604283401818,0.23210808118540655,0.7998558678971924,0.29096979958655533,9258900000.0,0.19583454688725643
ONGC.NS,2016-09-29,2026-09-27,1.384430671345136,0.09090020244618158,0.32967452435077343,-0.6951841122231752,0.2520531320999699,0.25415223555641686,0.882259562408571,0.4329348289845979,0.06843877942465755,0.13519049174716127,0.11142541811616577,0.4688387088505071,587288590000.0,-0.006037340351736975
POWERGRID.NS,2016-09-29,2026-09-27,3.3563260966335253,0.158753014686702,0.25177017493640647,-0.29559043946326424,0.48368582652497083,0.5035723195147843,0.6311041188888814,0.4054721994075914,0.3558091589871917,0.5704810609436791,0.15849647984064327,1.5081303834665603,36514700000.0,0.015712823203000825
RELIANCE.NS,2016-09-29,2026-09-27,4.241162813801755,0.18040627706876,0.2703466059941794,-0.45088353079259347,0.5374878975422732,0.5671828372872662,1.094540932593246,0.6549403695546056,0.0764032806826211,0.11480781181571652,0.08934991095428249,0.44025087663020035,691970000000.0,0.0959123783421254
SBILIFE.NS,2016-09-29,2026-09-27,1.5076986216804498,0.10783618660314431,0.2654416225194772,-0.4684280814602876,0.2999069872654023,0.3021737793057718,0.7834566791709867,0.4922569043587777,0.022360075511757255,,0.12942994865346327,,,-0.04275353308936769
SHRIRAMFIN.NS,2016-09-29,2026-09-27,4.2094138546073365,0.17968839124320435,0.4283688675834322,-0.7186694228154366,0.4676886496280611,0.4816114324373916,1.4818610257378548,0.559586429943786,0.40041750768047163,,0.15206878666549148,2.760883690018248,-134776700000.0,0.13858070537211087
SBIN.NS,2016-09-29,2026-09-27,3.426059423430935,0.16059691991672942,0.3174818258710552,-0.5949247154140029,0.44587878188235414,0.466185641033585,1.267988548925967,0.6460766653455549,0.21822577873206334,,0.1397323753487878,1.2193500751464357,297344318000.0,0.09208470724271556
SUNPHARMA.NS,2016-09-29,2026-09-27,1.7431466630026828,0.10631541341150652,0.27358302061744494,-0.5653856061825786,0.29353338195932915,0.3009286835738764,0.6387661126086397,0.37769320232577064,0.19717276384397076,0.23350728811745633,0.13736278134916452,0.05537052790059219,88098100000.0,0.11873004587706859
TCS.NS,2016-09-29,2026-09-27,1.172326015803094,0.08077194299022183,0.24233040922225607,-0.5339342417380923,0.19992181455246222,0.20443838509487583,0.6926339542146294,0.4625126237545132,0.1842926211796076,0.2509989850985503,0.45887728459530025,0.10521260723610593,479480000000.0,0.04581237956478823
TATACONSUM.NS,2016-09-29,2026-09-27,6.96090796733921,0.23085643014953794,0.29526700615296264,-0.4430465946854586,0.6603674286840583,0.7094267096295749,0.8964923707180782,0.49114810434046896,0.07646273464213527,0.10778355240619893,0.07078819857046668,0.1294093456210961,19732800000.0,0.1520526421302677
TMPV.NS,2016-09-29,2026-09-27,-0.43353157467892867,-0.05531477350312419,0.4258168426446918,-0.8845677975289934,-0.05787766767952,-0.05801264125896033,1.4194630916721251,0.5434158403839275,0.24713317715660366,-0.08507632362777946,0.7351786415390655,0.7263001035085841,-232410000000.0,-0.08281749503419666
TATASTEEL.NS,2016-09-29,2026-09-27,5.916904499323858,0.2136537034831849,0.3460951126156732,-0.644963312601357,0.5696316599075649,0.5819142017069,1.280780885428627,0.5986997675078507,0.046870065399596435,0.09725820710417886,0.10564860794977667,0.9042165499549025,205054100000.0,0.06204158958422634
TECHM.NS,2016-09-29,2026-09-27,4.029249938280602,0.17553849672590283,0.29168742221119665,-0.4656718310876867,0.5055581306993754,0.5033313471599025,0.832757788114033,0.4618104767648476,0.08467598573626164,0.1300334064355791,0.1624458896384989,0.07381970191184316,54763000000.0,0.07222537805515561
TITAN.NS,2016-09-29,2026-09-27,11.881282766844944,0.2916142585361048,0.2925167242835743,-0.4173001206806878,0.8309999362462961,0.8979215310073184,0.9242318035894637,0.5111293905438239,0.05810663764961915,0.08652425405188706,0.3230592880341336,1.9500095523148444,46880000000.0,0.4478921357258947
TRENT.NS,2016-09-29,2026-09-27,11.931845901493679,0.2921209893319412,0.37740317620967967,-0.7330319532736136,0.7248447081063704,0.7736217994702717,1.0217343959848535,0.4379480030592901,0.08663176173834805,0.11980890785995645,0.24620311882577298,0.36669539620999103,9047700000.0,0.1763920463300328
ULTRACEMCO.NS,2016-09-29,2026-09-27,2.062774678305925,0.11859138349765308,0.2625545421911736,-0.37496309798420047,0.33743342981976154,0.34448728553292,1.030302047950426,0.6348420555300197,0.09344599530895528,0.14012813857807513,0.10656829480861886,0.31002339489926983,56380900000.0,0.1661016768208261
WIPRO.NS,2016-09-29,2026-09-27,1.062295661936854,0.07516190883559726,0.26260780559643093,-0.5034186440054831,0.18319819265351694,0.18950503813776728,0.7462020204085487,0.45968491553984286,0.14248358956641907,0.16100146830195197,0.14906118133928492,0.2291815380723044,133713000000.0,0.03968642382173204
