symbol,start_date,end_date,total_return,cagr,annualized_volatility,maximum_drawdown,sharpe_ratio,sortino_ratio,beta,correlation,net_profit_margin,operating_margin,roe,debt_to_equity,free_cash_flow,revenue_growth,sector,business_type,peer_group,peer_group_size,peer_mean_total_return,peer_median_total_return,vs_peer_median_total_return,peer_ratio_total_return,peer_percentile_total_return,peer_mean_cagr,peer_median_cagr,vs_peer_median_cagr,peer_ratio_cagr,peer_percentile_cagr,peer_mean_annualized_volatility,peer_median_annualized_volatility,vs_peer_median_annualized_volatility,peer_ratio_annualized_volatility,peer_percentile_annualized_volatility,peer_mean_maximum_drawdown,peer_median_maximum_drawdown,vs_peer_median_maximum_drawdown,peer_ratio_maximum_drawdown,peer_percentile_maximum_drawdown,peer_mean_sharpe_ratio,peer_median_sharpe_ratio,vs_peer_median_sharpe_ratio,peer_ratio_sharpe_ratio,peer_percentile_sharpe_ratio,peer_mean_sortino_ratio,peer_median_sortino_ratio,vs_peer_median_sortino_ratio,peer_ratio_sortino_ratio,peer_percentile_sortino_ratio,peer_mean_beta,peer_median_beta,vs_peer_median_beta,peer_ratio_beta,peer_percentile_beta,peer_mean_correlation,peer_median_correlation,vs_peer_median_correlation,peer_ratio_correlation,peer_percentile_correlation,peer_mean_net_profit_margin,peer_median_net_profit_margin,vs_peer_median_net_profit_margin,peer_ratio_net_profit_margin,peer_percentile_net_profit_margin,peer_mean_operating_margin,peer_median_operating_margin,vs_peer_median_operating_margin,peer_ratio_operating_margin,peer_percentile_operating_margin,peer_mean_roe,peer_median_roe,vs_peer_median_roe,peer_ratio_roe,peer_percentile_roe,peer_mean_debt_to_equity,peer_median_debt_to_equity,vs_peer_median_debt_to_equity,peer_ratio_debt_to_equity,peer_percentile_debt_to_equity,peer_mean_revenue_growth,peer_median_revenue_growth,vs_peer_median_revenue_growth,peer_ratio_revenue_growth,peer_percentile_revenue_growth,cagr_score,cagr_score_reference_level,cagr_score_reference,sharpe_ratio_score,sharpe_ratio_score_reference_level,sharpe_ratio_score_reference,annualized_volatility_score,annualized_volatility_score_reference_level,annualized_volatility_score_reference,maximum_drawdown_score,maximum_drawdown_score_reference_level,maximum_drawdown_score_reference,beta_score,beta_score_reference_level,beta_score_reference,roe_score,roe_score_reference_level,roe_score_reference,net_profit_margin_score,net_profit_margin_score_reference_level,net_profit_margin_score_reference,operating_margin_score,operating_margin_score_reference_level,operating_margin_score_reference,revenue_growth_score,revenue_growth_score_reference_level,revenue_growth_score_reference,performance_score,risk-adjusted_performance_score,risk_score,quality_score,growth_score,overall_score,overall_rank,overall_percentile
JSWSTEEL.NS,2016-09-29,2026-09-27,7.477865732207968,0.2386344717375204,0.3285164297469409,-0.6573619560184233,0.6459828241457304,0.6486298030407984,1.282792314722252,0.6317241457053736,0.1225904623785274,0.128243159357713,0.2230417878524382,1.1901592156157237,104980000000.0,0.0928230526789735,Metals & Mining,Steel,Metals,3,6.44259373624003,5.933010977188264,1.5448547550197036,1.260382925458842,1.0,0.2220748462439667,0.213936363511195,0.0246981082263254,1.1154460505029244,1.0,0.3478766336708959,0.3460951126156732,-0.0175786828687323,0.9492085203518812,0.3333333333333333,-0.6614570946916637,-0.6573619560184233,0.0,1.0,0.6666666666666666,0.5909569402083842,0.5696316599075649,0.0763511642381654,1.1340360264570883,1.0,0.596861963431576,0.5819142017069,0.0667156013338984,1.1146485188679105,1.0,1.300013653607951,1.282792314722252,0.0,1.0,0.6666666666666666,0.6054370646530663,0.5986997675078507,0.0330243781975229,1.0551601653947358,1.0,0.0728587393168614,0.0491156901724605,0.0734747722060669,2.4959531658432175,1.0,0.1108989609755688,0.1071955164648146,0.0210476428928984,1.1963481644291252,1.0,0.1422444480153799,0.1056486079497766,0.1173931799026616,2.111166367269772,1.0,0.9401295065733728,0.9042165499549024,0.2859426656608212,1.3162325061127034,1.0,0.1017153502466833,0.0928230526789735,0.0,1.0,0.6666666666666666,100.0,peer_group,Metals,100.0,peer_group,Metals,100.0,peer_group,Metals,50.0,peer_group,Metals,50.0,peer_group,Metals,100.0,peer_group,Metals,100.0,peer_group,Metals,100.0,peer_group,Metals,50.0,peer_group,Metals,100.0,100.0,70.0,100.0,50.0,84.0,1,100.0
BAJAJ-AUTO.NS,2016-09-29,2026-09-27,4.112163630035247,0.1774646695237163,0.2534261283806056,-0.4231352617441182,0.5466723462584144,0.5574368309671726,0.800810648197536,0.5111977650368332,0.1779242455631174,0.2129233339344617,0.2766845067687749,0.5830205971931904,18742800000.0,0.2256985666861861,Automobile & Auto Components,Automobiles,Automobiles,5,2.2403243898937237,2.2021641664452867,1.90999946358996,1.867328373012746,1.0,0.1022230582563463,0.1235870070417675,0.0538776624819488,1.4359492455686729,1.0,0.3126280189862835,0.3045671802662348,-0.0511410518856292,0.832086136658176,0.2,-0.6439532826356665,-0.6066457499983744,0.1835104882542562,0.6974997545853606,1.0,0.3135217925873615,0.344553462198119,0.2021188840602954,1.5866110959119506,1.0,0.3250464761105217,0.3606667335373991,0.1967700974297734,1.5455731819229996,1.0,1.080933870771189,1.0306636738081183,-0.2298530256105823,0.7769854207034227,0.2,0.5612446355350148,0.5434158403839275,-0.0322180753470943,0.9407119319077412,0.2,0.1673050414445787,0.1779242455631174,0.0,1.0,0.6,0.1165102359724837,0.1555096778603812,0.0574136560740805,1.36919667549969,0.8,0.3104503821393737,0.2197289657631528,0.056955541005622,1.2592081604162049,0.8,0.5539452783896659,0.5830205971931904,0.0,1.0,0.6,0.1647748031984627,0.2256985666861861,0.0,1.0,0.6,100.0,peer_group,Automobiles,100.0,peer_group,Automobiles,100.0,peer_group,Automobiles,100.0,peer_group,Automobiles,100.0,peer_group,Automobiles,75.0,peer_group,Automobiles,50.0,peer_group,Automobiles,75.0,peer_group,Automobiles,50.0,peer_group,Automobiles,100.0,100.0,100.0,68.75,50.0,83.75,2,97.96
MAXHEALTH.NS,2016-09-29,2026-09-27,8.131332346413627,0.4375000247119209,0.3666722973664499,-0.2833294402227539,1.0227905122740495,1.1692078472151524,0.6149154494984822,0.2381110386050271,0.1753598292125761,0.2282360922164555,0.1342197507497699,0.3236698388238918,1487900000.0,0.1903041230847597,Healthcare,Hospitals,Hospitals & Healthcare Services,2,6.999218477637213,6.999218477637213,1.1321138687764138,1.1617486112761823,1.0,0.32513800226097,0.32513800226097,0.1123620224509508,1.3455825577742344,1.0,0.3381492758491285,0.3381492758491285,0.0285230215173213,1.0843503847396894,1.0,-0.3387763966486233,-0.3387763966486233,0.0554469564258693,0.8363317014574111,1.0,0.8086343560671465,0.8086343560671465,0.2141561562069029,1.2648368259400546,1.0,0.9135982327460136,0.9135982327460136,0.2556096144691389,1.2797833941741,1.0,0.6620054436500615,0.6620054436500615,-0.0470899941515793,0.9288676632446676,0.5,0.3042817936341956,0.3042817936341956,-0.0661707550291685,0.7825346227953476,0.5,0.1266532833729978,0.1266532833729978,0.0487065458395782,1.3845659942043194,1.0,0.1723904281463962,0.1723904281463962,0.0558456640700592,1.3239487520886857,1.0,0.1695191326612005,0.1695191326612005,-0.0352993819114305,0.7917675641841583,0.5,0.609741587063131,0.609741587063131,-0.2860717482392392,0.5308311679753933,0.5,0.1737498029518852,0.1737498029518852,0.0165543201328745,1.0952767706876694,1.0,100.0,sector,Healthcare,100.0,sector,Healthcare,0.0,sector,Healthcare,100.0,sector,Healthcare,50.0,sector,Healthcare,50.0,sector,Healthcare,75.0,sector,Healthcare,75.0,sector,Healthcare,100.0,sector,Healthcare,100.0,100.0,50.0,62.5,100.0,82.5,3,95.92
NESTLEIND.NS,2016-09-29,2026-09-27,3.8556709047066855,0.1714117525631144,0.2191673240935818,-0.2287989344379716,0.5703427262988225,0.6240863545483001,0.5427978845874479,0.4006113847838881,0.1597604283401818,0.2321080811854065,0.7998558678971924,0.2909697995865553,9258900000.0,0.1958345468872564,Fast Moving Consumer Goods,FMCG,FMCG & Consumer Staples,4,3.261588025139756,2.7269425784489276,1.128728326257758,1.4139171595244129,0.75,0.1382055781814388,0.135865422026211,0.0355463305369033,1.261628970835904,0.75,0.2429452605746093,0.2286733560259464,-0.0095060319323646,0.958429647871674,0.25,-0.3906062375547058,-0.3904073343153268,0.1616083998773552,0.5860518343981053,1.0,0.3967060564034499,0.4247279133664915,0.145614812932331,1.3428425783889606,0.75,0.4288337111917493,0.463782901527817,0.160303453020483,1.3456433009763906,0.75,0.68581440622442,0.6519836847960769,-0.109185800208629,0.8325329256624275,0.25,0.4531370978572706,0.4603944511523627,-0.0597830663684746,0.8701481605200969,0.25,0.1841557343572955,0.1978169486399245,-0.0380565202997426,0.8076174940448864,0.5,0.2205830614947396,0.223647786181838,0.0084602950035684,1.0378286552619385,0.75,0.3661440290451026,0.2969660248563757,0.5028898430408167,2.693425513184661,1.0,0.120948961845489,0.0812503171801494,0.2097194824064058,3.5811527841966764,1.0,0.1120593691920031,0.1023581850969632,0.0934763617902931,1.9132280110451705,1.0,66.66666666666666,peer_group,FMCG & Consumer Staples,66.66666666666666,peer_group,FMCG & Consumer Staples,100.0,peer_group,FMCG & Consumer Staples,100.0,peer_group,FMCG & Consumer Staples,100.0,peer_group,FMCG & Consumer Staples,100.0,peer_group,FMCG & Consumer Staples,33.33333333333333,peer_group,FMCG & Consumer Staples,66.66666666666666,peer_group,FMCG & Consumer Staples,100.0,peer_group,FMCG & Consumer Staples,66.66666666666666,66.66666666666666,100.0,75.0,100.0,81.66666666666666,4,93.88
ICICIBANK.NS,2016-09-29,2026-09-27,5.168530164113104,0.1998187439700169,0.2913273724681753,-0.4830725599720432,0.5763654768504524,0.6113922152067052,1.2675229006221365,0.7038427228161029,0.2426408937236096,,0.1493076646637024,0.571853421694851,635954240000.0,0.0913065985514005,Financial Services,Bank,Banks,5,2.611502712632709,1.6344133118121698,3.5341168523009343,3.1623152642965517,1.0,0.1293137626154807,0.1018444407089533,0.0979743032610636,1.9619995218104285,1.0,0.2838007218883405,0.2913273724681753,0.0,1.0,0.6,-0.4969284636416565,-0.4830725599720432,0.0,1.0,0.6,0.3613585800515754,0.2792032449565992,0.2971622318938531,2.064322271541098,1.0,0.373573531509297,0.2819900238851402,0.3294021913215649,2.1681342012855627,1.0,1.182197434329127,1.2675229006221365,0.0,1.0,0.6,0.6759317118155941,0.6688791891299191,0.0349635336861838,1.0522718216598494,0.8,0.2761922041252246,0.2544961931937709,-0.0118552994701613,0.9534165940897402,0.4,,,,,,0.1208927511964969,0.1227000583857491,0.0266076062779533,1.2168508037241783,1.0,0.8871006340464888,0.8134343829261803,-0.2415809612313293,0.70301112627882,0.4,0.053657900800407,0.0473320758466673,0.0439745227047332,1.9290638941589855,0.8,100.0,peer_group,Banks,100.0,peer_group,Banks,50.0,peer_group,Banks,50.0,peer_group,Banks,50.0,peer_group,Banks,100.0,peer_group,Banks,25.0,peer_group,Banks,,,,75.0,peer_group,Banks,100.0,100.0,50.0,75.0,75.0,80.0,5,91.84
SUNPHARMA.NS,2016-09-29,2026-09-27,1.7431466630026828,0.1063154134115065,0.2735830206174449,-0.5653856061825786,0.2935333819593291,0.3009286835738764,0.6387661126086397,0.3776932023257706,0.1971727638439707,0.2335072881174563,0.1373627813491645,0.0553705279005921,88098100000.0,0.1187300458770685,Healthcare,Pharmaceuticals,Pharmaceuticals,3,1.4288804896840075,1.4937116995543271,0.2494349634483557,1.1669900312910306,1.0,0.0922093837623579,0.0958057560220242,0.0105096573894823,1.1096975570764904,1.0,0.2618509047235536,0.2566559806439403,0.0169270399735045,1.0659522522367697,1.0,-0.4774455786164677,-0.4339764500682816,-0.131409156114297,1.3028025048216814,0.3333333333333333,0.2428209074272749,0.2563779421600085,0.0371554397993206,1.1449244794083395,1.0,0.2600613138784323,0.2899373584696544,0.010991325104222,1.0379093096599774,1.0,0.5314117588554303,0.4781467906872075,0.1606193219214322,1.3359205270218066,1.0,0.3271505478676844,0.3029304255574914,0.0747627767682792,1.246798507052209,1.0,0.154904429451393,0.1399853274917553,0.0571874363522154,1.408524503081107,1.0,0.1858557876618402,0.1748547273731771,0.0586525607442792,1.3354359451723727,1.0,0.1212226475354724,0.113641486966369,0.0237212943827954,1.208737979553326,1.0,0.092770129249573,0.0553705279005921,0.0,1.0,0.6666666666666666,0.0571775577341584,0.0319412659161073,0.0867887799609612,3.717136515155947,1.0,100.0,peer_group,Pharmaceuticals,100.0,peer_group,Pharmaceuticals,0.0,peer_group,Pharmaceuticals,0.0,peer_group,Pharmaceuticals,0.0,peer_group,Pharmaceuticals,100.0,peer_group,Pharmaceuticals,100.0,peer_group,Pharmaceuticals,100.0,peer_group,Pharmaceuticals,100.0,peer_group,Pharmaceuticals,100.0,100.0,0.0,100.0,100.0,80.0,5,91.84
TITAN.NS,2016-09-29,2026-09-27,11.881282766844944,0.2916142585361048,0.2925167242835743,-0.4173001206806878,0.8309999362462961,0.8979215310073184,0.9242318035894636,0.5111293905438239,0.0581066376496191,0.086524254051887,0.3230592880341336,1.9500095523148444,46880000000.0,0.4478921357258947,Consumer Durables,Consumer Products,Consumer Products,2,6.5798399224259825,6.5798399224259825,5.301442844418961,1.8057100031187876,1.0,0.1887786627446379,0.1887786627446379,0.1028355957914668,1.544741626497128,1.0,0.2680474106761287,0.2680474106761287,0.0244693136074455,1.0912872597639487,1.0,-0.4038579180650489,-0.4038579180650489,-0.0134422026156388,1.033284484503963,0.5,0.5256736646998577,0.5256736646998577,0.3053262715464384,1.5808285482986286,1.0,0.5615303907299848,0.5615303907299848,0.3363911402773336,1.5990613256746942,1.0,0.834527777841326,0.834527777841326,0.0897040257481375,1.1074907607990894,1.0,0.5029029431559054,0.5029029431559054,0.0082264473879184,1.016357922537288,1.0,0.089903634939483,0.089903634939483,-0.0317969972898639,0.6463213382721676,0.5,0.1221457512448012,0.1221457512448012,-0.0356214971929142,0.7083689213100621,0.5,0.2627235654800931,0.2627235654800931,0.0603357225540404,1.2296547797065132,1.0,1.066924235589313,1.066924235589313,0.8830853167255315,1.8276926207771085,1.0,0.2494631656625444,0.2494631656625444,0.1984289700633502,1.7954239237538197,1.0,93.87755102040816,universe,NIFTY50,95.91836734693877,universe,NIFTY50,44.89795918367348,universe,NIFTY50,81.63265306122449,universe,NIFTY50,51.02040816326531,universe,NIFTY50,91.83673469387756,universe,NIFTY50,16.3265306122449,universe,NIFTY50,10.256410256410255,universe,NIFTY50,95.91836734693877,universe,NIFTY50,93.87755102040816,95.91836734693877,60.81632653061225,52.56410256410257,95.91836734693877,79.8189429618001,7,87.76
RELIANCE.NS,2016-09-29,2026-09-27,4.241162813801755,0.18040627706876,0.2703466059941794,-0.4508835307925934,0.5374878975422732,0.5671828372872662,1.094540932593246,0.6549403695546056,0.0764032806826211,0.1148078118157165,0.0893499109542824,0.4402508766302003,691970000000.0,0.0959123783421254,"Oil, Gas & Consumable Fuels",Integrated Energy,Energy,3,2.5018332451499457,1.8799062503029456,2.3612565634988094,2.2560501690540655,1.0,0.1276747107394556,0.1117176527034253,0.0686886243653347,1.614841278017907,1.0,0.2959581909304152,0.2878534424462928,-0.0175068364521133,0.93918142404922,0.3333333333333333,-0.5722953664552077,-0.5708184563498546,0.1199349255572612,0.7898895450504616,1.0,0.3664769909526351,0.3098899432156622,0.227597954326611,1.7344476944455678,1.0,0.3815110441310476,0.3231980595494598,0.2439847777378063,1.7549079288344822,1.0,0.9103726940956068,0.882259562408571,0.212281370184675,1.240611016564271,1.0,0.5039538708790026,0.4329348289845979,0.2220055405700076,1.5127920548473723,1.0,0.1105624526806828,0.0764032806826211,0.0,1.0,0.6666666666666666,0.1467488309679231,0.1351904917471612,-0.0203826799314446,0.8492299297973913,0.3333333333333333,0.153949690504484,0.1114254181161657,-0.0220755071618833,0.8018808676233222,0.3333333333333333,0.3424141206616873,0.4402508766302003,0.0,1.0,0.6666666666666666,0.0302022489931588,0.0007317089890881,0.0951806693530373,131.07995087180385,1.0,100.0,peer_group,Energy,100.0,peer_group,Energy,100.0,peer_group,Energy,100.0,peer_group,Energy,0.0,peer_group,Energy,0.0,peer_group,Energy,50.0,peer_group,Energy,0.0,peer_group,Energy,100.0,peer_group,Energy,100.0,100.0,80.0,12.5,100.0,78.5,8,85.71
BAJFINANCE.NS,2016-09-29,2026-09-27,8.95546900327352,0.2587204515346921,0.3547981083178622,-0.6243781309110195,0.6700528384611122,0.6781536694686414,1.4203963609209125,0.6476371320335559,0.3829098498050455,,0.1668206445985237,3.095173186576516,-667509000000.0,0.1973472724042222,Financial Services,NBFC,Non-Banking Financials,4,4.452434380957746,4.469347150471839,4.48612185280168,2.003753277999018,1.0,0.1503257982860958,0.1853329002624507,0.0733875512722413,1.3959769213578217,1.0,0.3579769177329169,0.3406250337577137,0.0141730745601484,1.0416090221079577,0.75,-0.6027022985095165,-0.6050207790008062,-0.0193573519102132,1.0319945241255712,0.5,0.3890360983439378,0.4982957594521973,0.1717570790089148,1.3446890240401332,1.0,0.3954906642002692,0.5116332928762491,0.1665203765923922,1.3254682189586695,1.0,1.4010330083873896,1.40417929238771,0.0162170685332023,1.0115491437746718,0.75,0.6056818435908753,0.603611780988671,0.0440253510448849,1.0729365337647565,0.75,0.3362052685768549,0.3916636787427585,-0.008753828937713,0.9776496279516832,0.5,0.7192298394818715,0.7192298394818715,,,,0.1140852769770973,0.138929607313815,0.0278910372847086,1.200756612100027,1.0,2.664198255094351,2.928028438297382,0.1671447482791341,1.0570844005792264,0.75,0.4590605564497329,0.1679639888881665,0.0293832835160557,1.1749379954034054,0.75,100.0,peer_group,Non-Banking Financials,100.0,peer_group,Non-Banking Financials,33.33333333333334,peer_group,Non-Banking Financials,33.33333333333333,peer_group,Non-Banking Financials,33.33333333333334,peer_group,Non-Banking Financials,100.0,peer_group,Non-Banking Financials,33.33333333333333,peer_group,Non-Banking Financials,,,,66.66666666666666,peer_group,Non-Banking Financials,100.0,100.0,33.33333333333334,77.77777777777777,66.66666666666666,75.55555555555556,9,83.67
HCLTECH.NS,2016-09-29,2026-09-27,3.253470546196871,0.1559842096021488,0.2655186348854563,-0.4476447592300105,0.462779862717916,0.4651822121667583,0.7489662595658186,0.4563313912011013,0.1278737398573887,0.3136448856651094,0.2214062396061997,0.0693806958025676,185530000000.0,0.1118192302763658,Information Technology,IT Services,IT Services,5,2.2177531335011365,1.5714235052882604,1.6820470409086106,2.070397022348254,0.8,0.1173268765021429,0.0991778243568444,0.0568063852453043,1.5727730529852473,0.8,0.2663611051989751,0.2655186348854563,0.0,1.0,0.6,-0.4864771851148087,-0.4817164495127711,0.0340716902827605,0.9292702370508166,1.0,0.3243033669381369,0.2700588340674139,0.1927210286505021,1.7136260856491508,0.8,0.326349540344292,0.2692907191621561,0.1958914930046022,1.7274349952129031,0.8,0.7690051606707824,0.7489662595658186,0.0,1.0,0.6,0.4670088452267079,0.4618104767648476,-0.0054790855637463,0.9881356403992188,0.2,0.1407355117048834,0.142483589566419,-0.0146098497090302,0.8974629306189688,0.4,0.2117052500427919,0.2028475047127691,0.1107973809523402,1.546210223829121,1.0,0.2660670910366742,0.2214062396061997,0.0,1.0,0.6,0.1152818352344436,0.0988146331493971,-0.0294339373468295,0.7021297715862735,0.2,0.0630491087585069,0.0458123795647882,0.0660068507115776,2.440808168853797,1.0,75.0,peer_group,IT Services,75.0,peer_group,IT Services,50.0,peer_group,IT Services,100.0,peer_group,IT Services,50.0,peer_group,IT Services,50.0,peer_group,IT Services,25.0,peer_group,IT Services,100.0,peer_group,IT Services,100.0,peer_group,IT Services,75.0,75.0,70.0,56.25,100.0,75.25,10,81.63
BHARTIARTL.NS,2016-09-29,2026-09-27,5.681776121165579,0.2094584323597288,0.2879236212872854,-0.4678188292596504,0.6073544259263106,0.6700083698959998,0.8259233848692874,0.4641638679373294,0.1265338470172458,0.3214968943863853,0.1790943842808705,1.3109899192655676,755154000000.0,0.2196002895045357,Telecommunication,Telecom,Telecommunication,1,,,,,,,,,,,,,,,,,,,,,,,,,,,,,,,,,,,,,,,,,,,,,,,,,,,,,,,,,,,,,,,,,,75.51020408163265,universe,NIFTY50,83.6734693877551,universe,NIFTY50,55.10204081632653,universe,NIFTY50,63.26530612244898,universe,NIFTY50,63.265306122448976,universe,NIFTY50,65.3061224489796,universe,NIFTY50,44.89795918367347,universe,NIFTY50,89.74358974358975,universe,NIFTY50,85.71428571428571,universe,NIFTY50,75.51020408163265,83.6734693877551,60.00000000000001,66.3134484563056,85.71428571428571,74.24228152799581,11,79.59
BEL.NS,2016-09-29,2026-09-27,11.541677645689118,0.2881636840667272,0.3583089126422426,-0.6720354041296999,0.732305637254441,0.7613425081622228,1.0266448173864655,0.4634617575370514,0.2262238272429167,0.2907968848135594,0.2527064224199203,0.0027288291672068,5560100000.0,0.1591522366366313,Capital Goods,Defence Electronics,Capital Goods & Defence,1,,,,,,,,,,,,,,,,,,,,,,,,,,,,,,,,,,,,,,,,,,,,,,,,,,,,,,,,,,,,,,,,,,91.83673469387756,universe,NIFTY50,93.87755102040816,universe,NIFTY50,16.326530612244895,universe,NIFTY50,18.367346938775512,universe,NIFTY50,42.85714285714286,universe,NIFTY50,81.63265306122449,universe,NIFTY50,73.46938775510205,universe,NIFTY50,84.61538461538461,universe,NIFTY50,69.38775510204081,universe,NIFTY50,91.83673469387756,93.87755102040816,22.448979591836736,80.3375196232339,69.38775510204081,71.57770800627944,12,77.55
ADANIPORTS.NS,2016-09-29,2026-09-27,6.3471791781127,0.2210091083635974,0.3645299727570396,-0.5292106689539766,0.5780153336155069,0.5785574803908304,1.273414891369068,0.5650882160389039,0.330604245120208,0.4505091805326188,0.1332241355813714,0.6578513669138094,50359400000.0,0.2710533405216613,Services,Ports & Logistics,Transportation & Logistics,1,,,,,,,,,,,,,,,,,,,,,,,,,,,,,,,,,,,,,,,,,,,,,,,,,,,,,,,,,,,,,,,,,,83.6734693877551,universe,NIFTY50,79.59183673469387,universe,NIFTY50,14.285714285714292,universe,NIFTY50,48.97959183673469,universe,NIFTY50,22.448979591836732,universe,NIFTY50,40.81632653061224,universe,NIFTY50,89.79591836734694,universe,NIFTY50,94.87179487179486,universe,NIFTY50,93.87755102040816,universe,NIFTY50,83.6734693877551,79.59183673469387,29.79591836734694,66.57509157509158,93.87755102040816,70.70277341705913,13,75.51
TRENT.NS,2016-09-29,2026-09-27,11.93184590149368,0.2921209893319412,0.3774031762096796,-0.7330319532736136,0.7248447081063704,0.7736217994702717,1.0217343959848535,0.4379480030592901,0.086631761738348,0.1198089078599564,0.2462031188257729,0.366695396209991,9047700000.0,0.1763920463300328,Consumer Services,Retail,Consumer Retail,1,,,,,,,,,,,,,,,,,,,,,,,,,,,,,,,,,,,,,,,,,,,,,,,,,,,,,,,,,,,,,,,,,,95.91836734693877,universe,NIFTY50,91.83673469387756,universe,NIFTY50,8.16326530612244,universe,NIFTY50,4.081632653061225,universe,NIFTY50,44.89795918367348,universe,NIFTY50,79.59183673469387,universe,NIFTY50,32.6530612244898,universe,NIFTY50,30.76923076923077,universe,NIFTY50,73.46938775510205,universe,NIFTY50,95.91836734693877,91.83673469387756,13.877551020408164,55.65149136577707,73.46938775510205,66.15070643642073,14,73.47
SBIN.NS,2016-09-29,2026-09-27,3.426059423430935,0.1605969199167294,0.3174818258710552,-0.5949247154140029,0.4458787818823541,0.466185641033585,1.267988548925967,0.6460766653455549,0.2182257787320633,,0.1397323753487878,1.2193500751464357,297344318000.0,0.0920847072427155,Financial Services,Bank,Banks,5,2.611502712632709,1.6344133118121698,1.7916461116187654,2.0962013700391746,0.8,0.1293137626154807,0.1018444407089533,0.0587524792077761,1.5768844995248823,0.8,0.2838007218883405,0.2913273724681753,0.0261544534028799,1.0897768485717456,0.8,-0.4969284636416565,-0.4830725599720432,-0.1118521554419597,1.2315431773819503,0.4,0.3613585800515754,0.2792032449565992,0.1666755369257548,1.5969684806194275,0.8,0.373573531509297,0.2819900238851402,0.1841956171484448,1.6531990550966125,0.8,1.182197434329127,1.2675229006221365,0.0004656483038305,1.0003673687501835,0.8,0.6759317118155941,0.6688791891299191,-0.0228025237843642,0.9659093538041962,0.4,0.2761922041252246,0.2544961931937709,-0.0362704144617076,0.857481504903723,0.2,,,,,,0.1208927511964969,0.1227000583857491,0.0170323169630386,1.138812623132516,0.8,0.8871006340464888,0.8134343829261803,0.4059156922202553,1.4990146725296372,0.8,0.053657900800407,0.0473320758466673,0.0447526313960482,1.945503246910716,1.0,75.0,peer_group,Banks,75.0,peer_group,Banks,25.0,peer_group,Banks,25.0,peer_group,Banks,25.0,peer_group,Banks,75.0,peer_group,Banks,0.0,peer_group,Banks,,,,100.0,peer_group,Banks,75.0,75.0,25.0,50.0,100.0,65.0,15,71.43
TECHM.NS,2016-09-29,2026-09-27,4.029249938280602,0.1755384967259028,0.2916874222111966,-0.4656718310876867,0.5055581306993754,0.5033313471599025,0.832757788114033,0.4618104767648476,0.0846759857362616,0.1300334064355791,0.1624458896384989,0.0738197019118431,54763000000.0,0.0722253780551556,Information Technology,IT Services,IT Services,5,2.2177531335011365,1.5714235052882604,2.4578264329923414,2.564076408887291,1.0,0.1173268765021429,0.0991778243568444,0.0763606723690584,1.7699369578254782,1.0,0.2663611051989751,0.2655186348854563,0.0261687873257402,1.0985572531925278,1.0,-0.4864771851148087,-0.4817164495127711,0.0160446184250843,0.9666928159889234,0.8,0.3243033669381369,0.2700588340674139,0.2354992966319615,1.8720295984584403,1.0,0.326349540344292,0.2692907191621561,0.2340406279977464,1.8691002375645056,1.0,0.7690051606707824,0.7489662595658186,0.0837915285482143,1.1118762393873245,1.0,0.4670088452267079,0.4618104767648476,0.0,1.0,0.6,0.1407355117048834,0.142483589566419,-0.0578076038301573,0.5942858822825329,0.2,0.2117052500427919,0.2028475047127691,-0.07281409827719,0.6410402071236008,0.2,0.2660670910366742,0.2214062396061997,-0.0589603499677008,0.7337005945606159,0.4,0.1152818352344436,0.0988146331493971,-0.024994931237554,0.7470523297924473,0.4,0.0630491087585069,0.0458123795647882,0.0264129984903673,1.5765471853085895,0.8,100.0,peer_group,IT Services,100.0,peer_group,IT Services,0.0,peer_group,IT Services,75.0,peer_group,IT Services,0.0,peer_group,IT Services,25.0,peer_group,IT Services,0.0,peer_group,IT Services,0.0,peer_group,IT Services,75.0,peer_group,IT Services,100.0,100.0,30.0,12.5,75.0,63.5,16,69.39
APOLLOHOSP.NS,2016-09-29,2026-09-27,5.867104608860799,0.2127759798100192,0.3096262543318072,-0.3942233530744927,0.5944781998602434,0.6579886182768746,0.7090954378016407,0.3704525486633642,0.0779467375334195,0.1165447640763369,0.2048185145726311,0.8958133353023702,8937000000.0,0.1571954828190107,Healthcare,Hospitals,Hospitals & Healthcare Services,2,6.999218477637213,6.999218477637213,-1.1321138687764138,0.8382513887238178,0.5,0.32513800226097,0.32513800226097,-0.1123620224509508,0.6544174422257655,0.5,0.3381492758491285,0.3381492758491285,-0.0285230215173213,0.9156496152603104,0.5,-0.3387763966486233,-0.3387763966486233,-0.0554469564258693,1.1636682985425888,0.5,0.8086343560671465,0.8086343560671465,-0.2141561562069031,0.7351631740599454,0.5,0.9135982327460136,0.9135982327460136,-0.2556096144691389,0.7202166058259002,0.5,0.6620054436500615,0.6620054436500615,0.0470899941515792,1.071132336755332,1.0,0.3042817936341956,0.3042817936341956,0.0661707550291685,1.2174653772046522,1.0,0.1266532833729978,0.1266532833729978,-0.0487065458395783,0.6154340057956805,0.5,0.1723904281463962,0.1723904281463962,-0.0558456640700593,0.6760512479113142,0.5,0.1695191326612005,0.1695191326612005,0.0352993819114305,1.2082324358158416,1.0,0.609741587063131,0.609741587063131,0.2860717482392392,1.4691688320246068,1.0,0.1737498029518852,0.1737498029518852,-0.0165543201328745,0.9047232293123306,0.5,75.0,sector,Healthcare,75.0,sector,Healthcare,25.0,sector,Healthcare,75.0,sector,Healthcare,0.0,sector,Healthcare,100.0,sector,Healthcare,0.0,sector,Healthcare,0.0,sector,Healthcare,75.0,sector,Healthcare,75.0,75.0,40.0,50.0,75.0,63.0,17,67.35
COALINDIA.NS,2016-09-29,2026-09-27,1.8799062503029456,0.1117176527034253,0.2878534424462928,-0.5708184563498546,0.3098899432156622,0.3231980595494598,0.7543175872850035,0.4239864140978042,0.18684529793477,0.1902481893408918,0.2610737424430041,0.1181527765043547,307149600000.0,0.0007317089890881,"Oil, Gas & Consumable Fuels",Coal,Energy,3,2.5018332451499457,1.8799062503029456,0.0,1.0,0.6666666666666666,0.1276747107394556,0.1117176527034253,0.0,1.0,0.6666666666666666,0.2959581909304152,0.2878534424462928,0.0,1.0,0.6666666666666666,-0.5722953664552077,-0.5708184563498546,0.0,1.0,0.6666666666666666,0.3664769909526351,0.3098899432156622,0.0,1.0,0.6666666666666666,0.3815110441310476,0.3231980595494598,0.0,1.0,0.6666666666666666,0.9103726940956068,0.882259562408571,-0.1279419751235674,0.8549837478958171,0.3333333333333333,0.5039538708790026,0.4329348289845979,-0.0089484148867937,0.979330803881542,0.3333333333333333,0.1105624526806828,0.0764032806826211,0.1104420172521489,2.4455140704091565,1.0,0.1467488309679231,0.1351904917471612,0.0550576975937306,1.4072601325890712,1.0,0.153949690504484,0.1114254181161657,0.1496483243268384,2.3430357889330393,1.0,0.3424141206616873,0.4402508766302003,-0.3220981001258456,0.2683760164402808,0.3333333333333333,0.0302022489931588,0.0007317089890881,0.0,1.0,0.6666666666666666,50.0,peer_group,Energy,50.0,peer_group,Energy,50.0,peer_group,Energy,50.0,peer_group,Energy,100.0,peer_group,Energy,100.0,peer_group,Energy,100.0,peer_group,Energy,100.0,peer_group,Energy,50.0,peer_group,Energy,50.0,50.0,60.0,100.0,50.0,62.0,18,65.31
M&M.NS,2016-09-29,2026-09-27,3.8836517704738354,0.1720858667822338,0.3055164630695473,-0.7227709914561804,0.4849006038059181,0.5043881448125019,1.1343174548052797,0.6012310007215903,0.0885501373784651,0.1555096778603812,0.1836683178234162,1.4389731713434522,20519100000.0,0.2406285292594197,Automobile & Auto Components,Automobiles,Automobiles,5,2.2403243898937237,2.2021641664452867,1.681487604028549,1.763561422735704,0.8,0.1022230582563463,0.1235870070417675,0.0484988597404663,1.3924268489168576,0.8,0.3126280189862835,0.3045671802662348,0.0009492828033124,1.0031168256621827,0.8,-0.6439532826356665,-0.6066457499983744,-0.116125241457806,1.1914218330188866,0.4,0.3135217925873615,0.344553462198119,0.1403471416077991,1.4073305219818084,0.8,0.3250464761105217,0.3606667335373991,0.1437214112751028,1.398488127434131,0.8,1.080933870771189,1.0306636738081183,0.1036537809971613,1.1005699372465307,0.8,0.5612446355350148,0.5434158403839275,0.0578151603376627,1.1063921145486224,0.8,0.1673050414445787,0.1779242455631174,-0.0893741081846523,0.4976844898131241,0.4,0.1165102359724837,0.1555096778603812,0.0,1.0,0.6,0.3104503821393737,0.2197289657631528,-0.0360606479397365,0.8358857794897802,0.4,0.5539452783896659,0.5830205971931904,0.8559525741502617,2.468134364842401,1.0,0.1647748031984627,0.2256985666861861,0.0149299625732335,1.0661500105757975,1.0,75.0,peer_group,Automobiles,75.0,peer_group,Automobiles,25.0,peer_group,Automobiles,25.0,peer_group,Automobiles,25.0,peer_group,Automobiles,25.0,peer_group,Automobiles,25.0,peer_group,Automobiles,50.0,peer_group,Automobiles,100.0,peer_group,Automobiles,75.0,75.0,25.0,31.25,100.0,61.25,19,63.27
EICHERMOT.NS,2016-09-29,2026-09-27,2.2021641664452867,0.1235870070417675,0.3045671802662348,-0.6066457499983744,0.344553462198119,0.3606667335373991,1.019414485372887,0.5414807729487875,0.2400266868950894,0.2156886041474359,0.2197289657631528,0.0204759732511558,35295800000.0,0.2394708011183388,Automobile & Auto Components,Automobiles,Automobiles,5,2.2403243898937237,2.2021641664452867,0.0,1.0,0.6,0.1022230582563463,0.1235870070417675,0.0,1.0,0.6,0.3126280189862835,0.3045671802662348,0.0,1.0,0.6,-0.6439532826356665,-0.6066457499983744,0.0,1.0,0.6,0.3135217925873615,0.344553462198119,0.0,1.0,0.6,0.3250464761105217,0.3606667335373991,0.0,1.0,0.6,1.080933870771189,1.0306636738081183,-0.0112491884352312,0.9890854905231428,0.4,0.5612446355350148,0.5434158403839275,-0.00193506743514,0.996439066933027,0.4,0.1673050414445787,0.1779242455631174,0.062102441331972,1.3490386660650002,0.8,0.1165102359724837,0.1555096778603812,0.0601789262870547,1.386978656988051,1.0,0.3104503821393737,0.2197289657631528,0.0,1.0,0.6,0.5539452783896659,0.5830205971931904,-0.5625446239420346,0.0351204971998113,0.4,0.1647748031984627,0.2256985666861861,0.0137722344321526,1.0610204780400834,0.8,50.0,peer_group,Automobiles,50.0,peer_group,Automobiles,50.0,peer_group,Automobiles,50.0,peer_group,Automobiles,75.0,peer_group,Automobiles,50.0,peer_group,Automobiles,75.0,peer_group,Automobiles,100.0,peer_group,Automobiles,75.0,peer_group,Automobiles,50.0,50.0,55.0,68.75,75.0,59.75,20,61.22
POWERGRID.NS,2016-09-29,2026-09-27,3.3563260966335253,0.158753014686702,0.2517701749364064,-0.2955904394632642,0.4836858265249708,0.5035723195147843,0.6311041188888814,0.4054721994075914,0.3558091589871917,0.5704810609436791,0.1584964798406432,1.5081303834665605,36514700000.0,0.0157128232030008,Power,Power Transmission,Utilities - Power,2,3.068707331749955,3.068707331749955,0.2876187648835704,1.0937263589485262,1.0,0.1505958977723609,0.1505958977723609,0.008157116914341,1.0541655983662404,1.0,0.2542964547888022,0.2542964547888022,-0.0025262798523957,0.9900656111997554,0.5,-0.3819456421281069,-0.3819456421281069,0.0863552026648427,0.7739070874491646,1.0,0.4533525290775336,0.4533525290775336,0.0303332974474371,1.0669088523872543,1.0,0.4719396935492145,0.4719396935492145,0.0316326259655697,1.0670268392295574,1.0,0.6907024409114491,0.6907024409114491,-0.0595983220225676,0.9137134625672932,0.5,0.4390182526691449,0.4390182526691449,-0.0335460532615535,0.9235884771131948,0.5,0.2514107618881329,0.2514107618881329,0.1043983970990587,1.4152503111442445,1.0,0.3896000491139609,0.3896000491139609,0.1808810118297182,1.4642735857992903,1.0,0.1458224512912008,0.1458224512912008,0.0126740285494423,1.0869141098453552,1.0,1.420987023466381,1.420987023466381,0.0871433600001794,1.061325936522348,1.0,0.0018670829572995,0.0018670829572995,0.0138457402457012,8.415707048029079,1.0,46.93877551020408,universe,NIFTY50,53.06122448979592,universe,NIFTY50,87.75510204081633,universe,NIFTY50,95.91836734693877,universe,NIFTY50,89.79591836734694,universe,NIFTY50,59.18367346938776,universe,NIFTY50,91.83673469387756,universe,NIFTY50,97.43589743589745,universe,NIFTY50,12.244897959183673,universe,NIFTY50,46.93877551020408,53.06122448979592,91.42857142857142,76.90999476713762,12.244897959183673,56.11669283097854,21,59.18
TATACONSUM.NS,2016-09-29,2026-09-27,6.96090796733921,0.2308564301495379,0.2952670061529626,-0.4430465946854586,0.6603674286840583,0.7094267096295749,0.8964923707180782,0.4911481043404689,0.0764627346421352,0.1077835524061989,0.0707881985704666,0.1294093456210961,19732800000.0,0.1520526421302677,Fast Moving Consumer Goods,FMCG,FMCG & Consumer Staples,4,3.261588025139756,2.7269425784489276,4.233965388890283,2.552641930325699,1.0,0.1382055781814388,0.135865422026211,0.0949910081233268,1.6991551397455733,1.0,0.2429452605746093,0.2286733560259464,0.0665936501270161,1.2912173559890383,1.0,-0.3906062375547058,-0.3904073343153268,-0.0526392603701317,1.1348316379927836,0.5,0.3967060564034499,0.4247279133664915,0.2356395153175667,1.554801104193585,1.0,0.4288337111917493,0.463782901527817,0.2456438081017578,1.5296525751435546,1.0,0.68581440622442,0.6519836847960769,0.2445086859220012,1.3750227062790337,1.0,0.4531370978572706,0.4603944511523627,0.0307536531881061,1.0667984879294918,1.0,0.1841557343572955,0.1978169486399245,-0.1213542139977893,0.3865327777414876,0.25,0.2205830614947396,0.223647786181838,-0.1158642337756391,0.4819343586909683,0.25,0.3661440290451026,0.2969660248563757,-0.2261778262859091,0.2383713712863366,0.25,0.120948961845489,0.0812503171801494,0.0481590284409466,1.5927241900381472,0.75,0.1120593691920031,0.1023581850969632,0.0496944570333044,1.4854956834788464,0.75,100.0,peer_group,FMCG & Consumer Staples,100.0,peer_group,FMCG & Consumer Staples,0.0,peer_group,FMCG & Consumer Staples,33.33333333333333,peer_group,FMCG & Consumer Staples,0.0,peer_group,FMCG & Consumer Staples,0.0,peer_group,FMCG & Consumer Staples,0.0,peer_group,FMCG & Consumer Staples,0.0,peer_group,FMCG & Consumer Staples,66.66666666666666,peer_group,FMCG & Consumer Staples,100.0,100.0,13.333333333333332,0.0,66.66666666666666,56.0,22,57.14
LT.NS,2016-09-29,2026-09-27,3.71666195676271,0.168010028249274,0.2606086930484453,-0.5444239665164818,0.507347632009883,0.5275979514884954,1.1008590995694822,0.6832924061038216,0.0565888969939645,0.0952433878221701,0.1471682627290012,1.1482959983456829,119317800000.0,0.1180783580731812,Construction,Engineering & Construction,Infrastructure & Engineering,2,43.47253210229635,43.47253210229635,-39.755870145533635,0.0854944899003567,0.5,0.363392406160767,0.363392406160767,-0.195382377911493,0.4623377522505115,0.5,0.3824850275215599,0.3824850275215599,-0.1218763344731145,0.6813565873078662,0.5,-0.628944985867036,-0.628944985867036,0.0845210193505541,0.8656146066034104,1.0,0.7694332250409315,0.7694332250409315,-0.2620855930310485,0.6593783781339747,0.5,0.7954640522772218,0.7954640522772218,-0.2678661007887264,0.6632580692717788,0.5,1.2968559199690013,1.2968559199690013,-0.195996820399519,0.8488676981139093,0.5,0.5810610689944613,0.5810610689944613,0.1022313371093602,1.175939057982793,1.0,0.0748674392969481,0.0748674392969481,-0.0182785423029836,0.7558545814491514,0.5,0.0896981413810507,0.0896981413810507,0.0055452464411193,1.0618211966908253,1.0,0.1312879334205777,0.1312879334205777,0.0158803293084234,1.1209580263370529,1.0,1.2329094347815677,1.2329094347815677,-0.0846134364358848,0.9313709230792968,0.5,0.0721182484727282,0.0721182484727282,0.0459601096004529,1.6372882117045997,1.0,53.06122448979592,universe,NIFTY50,59.18367346938776,universe,NIFTY50,75.51020408163265,universe,NIFTY50,44.89795918367347,universe,NIFTY50,32.653061224489804,universe,NIFTY50,51.02040816326531,universe,NIFTY50,14.285714285714285,universe,NIFTY50,12.82051282051282,universe,NIFTY50,55.10204081632652,universe,NIFTY50,53.06122448979592,59.18367346938776,54.693877551020414,32.28676085818943,55.10204081632652,50.86551543694401,23,55.1
TCS.NS,2016-09-29,2026-09-27,1.172326015803094,0.0807719429902218,0.242330409222256,-0.5339342417380923,0.1999218145524622,0.2044383850948758,0.6926339542146294,0.4625126237545132,0.1842926211796076,0.2509989850985503,0.4588772845953002,0.1052126072361059,479480000000.0,0.0458123795647882,Information Technology,IT Services,IT Services,5,2.2177531335011365,1.5714235052882604,-0.3990974894851664,0.7460280515455594,0.4,0.1173268765021429,0.0991778243568444,-0.0184058813666225,0.8144153545817082,0.4,0.2663611051989751,0.2655186348854563,-0.0231882256632003,0.9126681798691696,0.2,-0.4864771851148087,-0.4817164495127711,-0.0522177922253212,1.1083994376321102,0.2,0.3243033669381369,0.2700588340674139,-0.0701370195149516,0.7402898529235166,0.4,0.326349540344292,0.2692907191621561,-0.0648523340672802,0.7591735271491893,0.4,0.7690051606707824,0.7489662595658186,-0.0563323053511892,0.9247865913427856,0.2,0.4670088452267079,0.4618104767648476,0.0007021469896655,1.001520422391853,0.8,0.1407355117048834,0.142483589566419,0.0418090316131886,1.2934305048070065,1.0,0.2117052500427919,0.2028475047127691,0.0481514803857811,1.2373777308918017,0.8,0.2660670910366742,0.2214062396061997,0.2374710449891005,2.072558051712879,1.0,0.1152818352344436,0.0988146331493971,0.0063979740867087,1.0647472331049972,0.8,0.0630491087585069,0.0458123795647882,0.0,1.0,0.6,25.0,peer_group,IT Services,25.0,peer_group,IT Services,100.0,peer_group,IT Services,0.0,peer_group,IT Services,100.0,peer_group,IT Services,100.0,peer_group,IT Services,100.0,peer_group,IT Services,75.0,peer_group,IT Services,50.0,peer_group,IT Services,25.0,25.0,60.0,93.75,50.0,50.75,24,53.06
ULTRACEMCO.NS,2016-09-29,2026-09-27,2.062774678305925,0.118591383497653,0.2625545421911736,-0.3749630979842004,0.3374334298197615,0.34448728553292,1.030302047950426,0.6348420555300197,0.0934459953089552,0.1401281385780751,0.1065682948086188,0.3100233948992698,56380900000.0,0.1661016768208261,Construction Materials,Cement,Construction Materials,1,,,,,,,,,,,,,,,,,,,,,,,,,,,,,,,,,,,,,,,,,,,,,,,,,,,,,,,,,,,,,,,,,,38.775510204081634,universe,NIFTY50,38.775510204081634,universe,NIFTY50,73.46938775510205,universe,NIFTY50,89.79591836734694,universe,NIFTY50,40.81632653061224,universe,NIFTY50,20.40816326530612,universe,NIFTY50,38.775510204081634,universe,NIFTY50,43.58974358974359,universe,NIFTY50,71.42857142857143,universe,NIFTY50,38.775510204081634,38.775510204081634,73.46938775510206,30.79539508110937,71.42857142857143,50.64887493458922,25,51.02
ADANIENT.NS,2016-09-29,2026-09-27,83.22840224782999,0.5587747840722601,0.5043613619946745,-0.7134660052175902,1.03151881807198,1.0633301530659482,1.4928527403685206,0.4788297318851011,0.0931459815999318,0.0841528949399313,0.1154076041121543,1.3175228712174525,-310122100000.0,0.0261581388722753,Industrials,Conglomerate / Infrastructure,Infrastructure & Engineering,2,43.47253210229635,43.47253210229635,39.75587014553364,1.914505510099643,1.0,0.363392406160767,0.363392406160767,0.195382377911493,1.5376622477494883,1.0,0.3824850275215599,0.3824850275215599,0.1218763344731146,1.318643412692134,1.0,-0.628944985867036,-0.628944985867036,-0.0845210193505542,1.1343853933965895,0.5,0.7694332250409315,0.7694332250409315,0.2620855930310486,1.3406216218660254,1.0,0.7954640522772218,0.7954640522772218,0.2678661007887264,1.3367419307282211,1.0,1.2968559199690013,1.2968559199690013,0.1959968203995192,1.1511323018860908,1.0,0.5810610689944613,0.5810610689944613,-0.1022313371093602,0.824060942017207,0.5,0.0748674392969481,0.0748674392969481,0.0182785423029836,1.2441454185508485,1.0,0.0896981413810507,0.0896981413810507,-0.0055452464411193,0.9381788033091748,0.5,0.1312879334205777,0.1312879334205777,-0.0158803293084234,0.8790419736629475,0.5,1.2329094347815677,1.2329094347815677,0.0846134364358848,1.0686290769207032,1.0,0.0721182484727282,0.0721182484727282,-0.0459601096004529,0.3627117882954005,0.5,100.0,universe,NIFTY50,100.0,universe,NIFTY50,0.0,universe,NIFTY50,10.20408163265306,universe,NIFTY50,0.0,universe,NIFTY50,30.612244897959183,universe,NIFTY50,36.734693877551024,universe,NIFTY50,7.6923076923076925,universe,NIFTY50,18.367346938775512,universe,NIFTY50,100.0,100.0,4.081632653061225,26.412872841444273,18.367346938775512,49.7723704866562,26,48.98
ETERNAL.NS,2016-09-29,2026-09-27,1.6587301587301586,0.2080084893656575,0.4661367097495597,-0.7401746679166881,0.5149898027672073,0.5508425252193007,1.3479212040772426,0.3951463406259115,0.0067323964388198,-0.0011588551247148,0.0118140735958683,0.1482246610716591,-11190000000.0,1.6855703206046533,Consumer Services,Internet / Consumer Services,Consumer Services & Platforms,1,,,,,,,,,,,,,,,,,,,,,,,,,,,,,,,,,,,,,,,,,,,,,,,,,,,,,,,,,,,,,,,,,,73.46938775510205,universe,NIFTY50,63.26530612244898,universe,NIFTY50,2.040816326530617,universe,NIFTY50,2.0408163265306123,universe,NIFTY50,10.204081632653056,universe,NIFTY50,4.081632653061225,universe,NIFTY50,2.0408163265306123,universe,NIFTY50,2.564102564102564,universe,NIFTY50,100.0,universe,NIFTY50,73.46938775510205,63.26530612244898,3.673469387755103,3.192046049188906,100.0,48.72004186289901,27,46.94
BAJAJFINSV.NS,2016-09-29,2026-09-27,4.729280446336342,0.1909774092816971,0.3222887358328083,-0.5856634270905929,0.5289028692763336,0.5416551533151067,1.313912423036283,0.6595032922187408,0.071462919191531,,0.1257904279621387,4.638108006576905,-567495900000.0,0.1362548442864863,Financial Services,Diversified Financial Services,Non-Banking Financials,4,4.452434380957746,4.469347150471839,0.2599332958645028,1.0581591196909064,0.75,0.1503257982860958,0.1853329002624507,0.0056445090192464,1.030456055083869,0.75,0.3579769177329169,0.3406250337577137,-0.0183362979249053,0.9461686719774448,0.25,-0.6027022985095165,-0.6050207790008062,0.0193573519102132,0.9680054758744286,0.75,0.3890360983439378,0.4982957594521973,0.0306071098241362,1.0614235807621246,0.75,0.3954906642002692,0.5116332928762491,0.0300218604388575,1.0586784731503371,0.75,1.4010330083873896,1.40417929238771,-0.090266869351427,0.9357155672065678,0.25,0.6056818435908753,0.603611780988671,0.0558915112300698,1.0925951298341523,1.0,0.3362052685768549,0.3916636787427585,-0.3202007595512275,0.1824599090243117,0.25,0.7192298394818715,0.7192298394818715,,,,0.1140852769770973,0.138929607313815,-0.0131391793516763,0.9054256352859512,0.5,2.664198255094351,2.928028438297382,1.7100795682795231,1.584037895913988,1.0,0.4590605564497329,0.1679639888881665,-0.0317091446016802,0.8112146251611545,0.25,66.66666666666666,peer_group,Non-Banking Financials,66.66666666666666,peer_group,Non-Banking Financials,100.0,peer_group,Non-Banking Financials,66.66666666666666,peer_group,Non-Banking Financials,100.0,peer_group,Non-Banking Financials,33.33333333333333,peer_group,Non-Banking Financials,0.0,peer_group,Non-Banking Financials,,,,0.0,peer_group,Non-Banking Financials,66.66666666666666,66.66666666666666,86.66666666666666,22.222222222222214,0.0,48.44444444444444,28,44.9
JIOFIN.NS,2016-09-29,2026-09-27,-0.0844257803862162,-0.02808305891521,0.3264519591975652,-0.4820982132210173,-0.1104999639897555,-0.1194575984200628,1.387962223854508,0.5560005201674184,0.4900307976303719,0.7192298394818715,0.0116612486822355,0.1626281372057335,-155441000000.0,1.3640594037361122,Financial Services,Financial Services,Non-Banking Financials,4,4.452434380957746,4.469347150471839,-4.553772930858056,-0.0188899580954017,0.25,0.1503257982860958,0.1853329002624507,-0.2134159591776607,-0.1515276503817803,0.25,0.3579769177329169,0.3406250337577137,-0.0141730745601484,0.9583909778920424,0.5,-0.6027022985095165,-0.6050207790008062,0.1229225657797888,0.796829183316983,1.0,0.3890360983439378,0.4982957594521973,-0.6087957234419529,-0.2217557783578851,0.25,0.3954906642002692,0.5116332928762491,-0.6310908912963119,-0.2334828481323175,0.25,1.4010330083873896,1.40417929238771,-0.0162170685332021,0.9884508562253284,0.5,0.6056818435908753,0.603611780988671,-0.0476112608212525,0.921122711118612,0.25,0.3362052685768549,0.3916636787427585,0.0983671188876133,1.2511520067507205,1.0,0.7192298394818715,0.7192298394818715,0.0,1.0,1.0,0.1140852769770973,0.138929607313815,-0.1272683586315795,0.0839363826595651,0.25,2.664198255094351,2.928028438297382,-2.765400301091648,0.0555418571345229,0.25,0.4590605564497329,0.1679639888881665,1.1960954148479457,8.121141994575563,1.0,0.0,peer_group,Non-Banking Financials,0.0,peer_group,Non-Banking Financials,66.66666666666667,peer_group,Non-Banking Financials,100.0,peer_group,Non-Banking Financials,66.66666666666667,peer_group,Non-Banking Financials,0.0,peer_group,Non-Banking Financials,100.0,peer_group,Non-Banking Financials,100.0,peer_group,Non-Banking Financials,100.0,peer_group,Non-Banking Financials,0.0,0.0,80.0,50.0,100.0,46.0,29,42.86
INFY.NS,2016-09-29,2026-09-27,1.5714235052882604,0.0991778243568444,0.2696612540795359,-0.4817164495127711,0.2700588340674139,0.2692907191621561,0.8244657810508822,0.4947048188732346,0.1643516221847405,0.2028475047127691,0.3385448600040874,0.0988146331493971,3733000000.0,0.045702132074493,Information Technology,IT Services,IT Services,5,2.2177531335011365,1.5714235052882604,0.0,1.0,0.6,0.1173268765021429,0.0991778243568444,0.0,1.0,0.6,0.2663611051989751,0.2655186348854563,0.0041426191940796,1.015601990405934,0.8,-0.4864771851148087,-0.4817164495127711,0.0,1.0,0.6,0.3243033669381369,0.2700588340674139,0.0,1.0,0.6,0.326349540344292,0.2692907191621561,0.0,1.0,0.6,0.7690051606707824,0.7489662595658186,0.0754995214850635,1.1008049702116505,0.8,0.4670088452267079,0.4618104767648476,0.0328943421083869,1.0712290945385734,1.0,0.1407355117048834,0.142483589566419,0.0218680326183215,1.1534775526421426,0.8,0.2117052500427919,0.2028475047127691,0.0,1.0,0.6,0.2660670910366742,0.2214062396061997,0.1171386203978877,1.529066482526573,0.8,0.1152818352344436,0.0988146331493971,0.0,1.0,0.6,0.0630491087585069,0.0458123795647882,-0.0001102474902952,0.9975935000246104,0.4,50.0,peer_group,IT Services,50.0,peer_group,IT Services,25.0,peer_group,IT Services,50.0,peer_group,IT Services,25.0,peer_group,IT Services,75.0,peer_group,IT Services,75.0,peer_group,IT Services,50.0,peer_group,IT Services,25.0,peer_group,IT Services,50.0,50.0,35.0,68.75,25.0,45.75,30,40.82
HINDUNILVR.NS,2016-09-29,2026-09-27,1.5982142521911695,0.1003190914893077,0.2196783785078342,-0.337768073945195,0.2791131004341605,0.303479448507334,0.5935234840012517,0.4372047235550653,0.2358734689396672,0.2151874911782695,0.3085887808281012,0.0303254134351019,96380000000.0,0.0526637280636588,Fast Moving Consumer Goods,FMCG,FMCG & Consumer Staples,4,3.261588025139756,2.7269425784489276,-1.128728326257758,0.5860828404755873,0.5,0.1382055781814388,0.135865422026211,-0.0355463305369033,0.7383710291640961,0.5,0.2429452605746093,0.2286733560259464,-0.0089949775181122,0.9606645143341858,0.5,-0.3906062375547058,-0.3904073343153268,0.0526392603701318,0.8651683620072163,0.75,0.3967060564034499,0.4247279133664915,-0.145614812932331,0.6571574216110394,0.5,0.4288337111917493,0.463782901527817,-0.160303453020483,0.6543566990236093,0.5,0.68581440622442,0.6519836847960769,-0.0584602007948252,0.9103348716262584,0.5,0.4531370978572706,0.4603944511523627,-0.0231897275972974,0.949630740467758,0.5,0.1841557343572955,0.1978169486399245,0.0380565202997427,1.192382505955114,0.75,0.2205830614947396,0.223647786181838,-0.0084602950035685,0.9621713447380612,0.5,0.3661440290451026,0.2969660248563757,0.0116227559717255,1.0391383356979869,0.75,0.120948961845489,0.0812503171801494,-0.0509249037450475,0.373234400646879,0.25,0.1120593691920031,0.1023581850969632,-0.0496944570333044,0.5145043165211536,0.5,33.33333333333333,peer_group,FMCG & Consumer Staples,33.33333333333333,peer_group,FMCG & Consumer Staples,66.66666666666667,peer_group,FMCG & Consumer Staples,66.66666666666666,peer_group,FMCG & Consumer Staples,66.66666666666667,peer_group,FMCG & Consumer Staples,66.66666666666666,peer_group,FMCG & Consumer Staples,66.66666666666666,peer_group,FMCG & Consumer Staples,33.33333333333333,peer_group,FMCG & Consumer Staples,33.33333333333333,peer_group,FMCG & Consumer Staples,33.33333333333333,33.33333333333333,66.66666666666667,58.33333333333333,33.33333333333333,45.0,31,38.78
KOTAKBANK.NS,2016-09-29,2026-09-27,1.6344133118121698,0.1018444407089533,0.2600164439080242,-0.3649898977994195,0.2792032449565992,0.2819900238851402,1.0121329399262275,0.6296877877368315,0.2544961931937709,,0.1064301272451493,0.5263792141059039,406685443000.0,-0.0025785220412067,Financial Services,Bank,Banks,5,2.611502712632709,1.6344133118121698,0.0,1.0,0.6,0.1293137626154807,0.1018444407089533,0.0,1.0,0.6,0.2838007218883405,0.2913273724681753,-0.0313109285601511,0.8925232177983154,0.4,-0.4969284636416565,-0.4830725599720432,0.1180826621726237,0.7555591603475522,1.0,0.3613585800515754,0.2792032449565992,0.0,1.0,0.6,0.373573531509297,0.2819900238851402,0.0,1.0,0.6,1.182197434329127,1.2675229006221365,-0.2553899606959089,0.798512547133818,0.2,0.6759317118155941,0.6688791891299191,-0.0391914013930875,0.9414073542277972,0.2,0.2761922041252246,0.2544961931937709,0.0,1.0,0.6,,,,,,0.1208927511964969,0.1227000583857491,-0.0162699311405997,0.8674007872966958,0.4,0.8871006340464888,0.8134343829261803,-0.2870551688202764,0.6471071608902881,0.2,0.053657900800407,0.0473320758466673,-0.049910597887874,-0.0544772650487556,0.2,50.0,peer_group,Banks,50.0,peer_group,Banks,75.0,peer_group,Banks,100.0,peer_group,Banks,100.0,peer_group,Banks,25.0,peer_group,Banks,50.0,peer_group,Banks,,,,0.0,peer_group,Banks,50.0,50.0,90.0,33.333333333333336,0.0,44.66666666666667,32,36.73
SBILIFE.NS,2016-09-29,2026-09-27,1.5076986216804498,0.1078361866031443,0.2654416225194772,-0.4684280814602876,0.2999069872654023,0.3021737793057718,0.7834566791709867,0.4922569043587777,0.0223600755117572,,0.1294299486534632,,,-0.0427535330893676,Financial Services,Life Insurance,Life Insurance,2,1.0451990892098135,1.0451990892098135,0.4624995324706362,1.4424989815292444,1.0,0.0805294182676269,0.0805294182676269,0.0273067683355174,1.3390905947534308,1.0,0.2777204416397406,0.2777204416397406,-0.0122788191202634,0.9557871251832752,0.5,-0.4651737104098802,-0.4651737104098802,-0.0032543710504073,1.00699603390643,0.5,0.2101219697257168,0.2101219697257168,0.0897850175396854,1.4272995234952657,1.0,0.2142365374155324,0.2142365374155324,0.0879372418902393,1.4104679946337844,1.0,0.8475067065984135,0.8475067065984135,-0.0640500274274268,0.9244253444500744,0.5,0.5096361432561828,0.5096361432561828,-0.017379238897405,0.9658987316198472,0.5,0.0216177569413225,0.0216177569413225,0.0007423185704346,1.0343383715734031,1.0,,,,,,0.1185845393971503,0.1185845393971503,0.0108454092563128,1.091457194263669,1.0,0.1745960740391018,0.1745960740391018,,,,-0.0128405441815566,-0.0128405441815566,-0.029912988907811,3.329573301945898,0.5,50.0,sector,Financial Services,50.0,sector,Financial Services,80.0,sector,Financial Services,70.0,sector,Financial Services,100.0,sector,Financial Services,60.0,sector,Financial Services,10.0,sector,Financial Services,,,,0.0,sector,Financial Services,50.0,50.0,80.0,43.333333333333336,0.0,44.66666666666667,32,36.73
GRASIM.NS,2016-09-29,2026-09-27,3.637181290678511,0.1660242790855068,0.2911963228233374,-0.6858966731978511,0.4770857513660433,0.4873440442669889,1.134682037619121,0.6304891915600922,0.0285553739889364,0.0973858029111822,0.0479992639406699,2.2020124302792543,-334359000000.0,0.181726962818628,Construction Materials,Diversified Materials,Materials,1,,,,,,,,,,,,,,,,,,,,,,,,,,,,,,,,,,,,,,,,,,,,,,,,,,,,,,,,,,,,,,,,,,51.02040816326531,universe,NIFTY50,51.02040816326531,universe,NIFTY50,51.02040816326531,universe,NIFTY50,14.285714285714285,universe,NIFTY50,28.57142857142857,universe,NIFTY50,6.122448979591836,universe,NIFTY50,8.16326530612245,universe,NIFTY50,17.94871794871795,universe,NIFTY50,75.51020408163265,universe,NIFTY50,51.02040816326531,51.02040816326531,31.836734693877556,9.589220303506018,75.51020408163265,43.79539508110937,34,32.65
HDFCBANK.NS,2016-09-29,2026-09-27,1.5254121791548676,0.0971925671874642,0.2300888470904331,-0.4105497582696406,0.264921030314928,0.266862606587413,1.0397647842668614,0.7311721940495618,0.365999473013985,,0.0862935303390961,0.8134343829261803,1065776300000.0,0.0473320758466673,Financial Services,Bank,Banks,5,2.611502712632709,1.6344133118121698,-0.1090011326573021,0.9333087096944614,0.4,0.1293137626154807,0.1018444407089533,-0.004651873521489,0.954323736385543,0.4,0.2838007218883405,0.2913273724681753,-0.0612385253777422,0.7897948110439504,0.2,-0.4969284636416565,-0.4830725599720432,0.0725228017024026,0.8498718252458809,0.8,0.3613585800515754,0.2792032449565992,-0.0142822146416712,0.948846530620046,0.4,0.373573531509297,0.2819900238851402,-0.0151274172977272,0.9463547784800752,0.4,1.182197434329127,1.2675229006221365,-0.2277581163552751,0.8203124249325319,0.4,0.6759317118155941,0.6688791891299191,0.0622930049196427,1.093130427634733,1.0,0.2761922041252246,0.2544961931937709,0.111503279820214,1.4381333898197706,1.0,,,,,,0.1208927511964969,0.1227000583857491,-0.0364065280466529,0.7032884211660538,0.2,0.8871006340464888,0.8134343829261803,0.0,1.0,0.6,0.053657900800407,0.0473320758466673,0.0,1.0,0.6,25.0,peer_group,Banks,25.0,peer_group,Banks,100.0,peer_group,Banks,75.0,peer_group,Banks,75.0,peer_group,Banks,0.0,peer_group,Banks,100.0,peer_group,Banks,,,,50.0,peer_group,Banks,25.0,25.0,85.0,33.333333333333336,50.0,43.66666666666667,35,30.61
INDIGO.NS,2016-09-29,2026-09-27,4.676035305227745,0.1898645461499939,0.3534938846917789,-0.5465033188716091,0.5079506000645474,0.5224085988012446,0.8924366295654129,0.4084533940973058,-0.0289194995943604,0.124322775420783,-0.3431165813142832,11.153074837543572,217598000000.0,0.0655809303440155,Services,Airline,Transportation,1,,,,,,,,,,,,,,,,,,,,,,,,,,,,,,,,,,,,,,,,,,,,,,,,,,,,,,,,,,,,,,,,,,67.3469387755102,universe,NIFTY50,61.224489795918366,universe,NIFTY50,20.40816326530613,universe,NIFTY50,42.857142857142854,universe,NIFTY50,57.142857142857146,universe,NIFTY50,0.0,universe,NIFTY50,0.0,universe,NIFTY50,33.33333333333333,universe,NIFTY50,40.81632653061224,universe,NIFTY50,67.3469387755102,61.224489795918366,36.734693877551024,8.333333333333332,40.81632653061224,42.89115646258503,36,28.57
NTPC.NS,2016-09-29,2026-09-27,2.7810885668663845,0.1424387808580198,0.256822734641198,-0.4683008447929497,0.4230192316300966,0.4403070675836448,0.7503007629340167,0.4725643059306985,0.1470123647890742,0.2087190372842427,0.1331484227417584,1.3338436634662014,68520300000.0,-0.0119786572884017,Power,Power Generation,Utilities - Power,2,3.068707331749955,3.068707331749955,-0.2876187648835704,0.9062736410514738,0.5,0.1505958977723609,0.1505958977723609,-0.008157116914341,0.9458344016337596,0.5,0.2542964547888022,0.2542964547888022,0.0025262798523957,1.0099343888002446,1.0,-0.3819456421281069,-0.3819456421281069,-0.0863552026648427,1.2260929125508353,0.5,0.4533525290775336,0.4533525290775336,-0.030333297447437,0.9330911476127458,0.5,0.4719396935492145,0.4719396935492145,-0.0316326259655697,0.9329731607704428,0.5,0.6907024409114491,0.6907024409114491,0.0595983220225676,1.0862865374327066,1.0,0.4390182526691449,0.4390182526691449,0.0335460532615535,1.076411522886805,1.0,0.2514107618881329,0.2514107618881329,-0.1043983970990587,0.5847496888557556,0.5,0.3896000491139609,0.3896000491139609,-0.1808810118297182,0.5357264142007099,0.5,0.1458224512912008,0.1458224512912008,-0.0126740285494424,0.9130858901546446,0.5,1.420987023466381,1.420987023466381,-0.0871433600001796,0.938674063477652,0.5,0.0018670829572995,0.0018670829572995,-0.0138457402457012,-6.415707048029079,0.5,42.857142857142854,universe,NIFTY50,42.857142857142854,universe,NIFTY50,79.59183673469389,universe,NIFTY50,61.224489795918366,universe,NIFTY50,73.46938775510205,universe,NIFTY50,38.775510204081634,universe,NIFTY50,55.10204081632652,universe,NIFTY50,64.1025641025641,universe,NIFTY50,4.081632653061225,universe,NIFTY50,42.857142857142854,42.857142857142854,71.02040816326532,49.18890633176348,4.081632653061225,42.00104657247515,37,26.53
ASIANPAINT.NS,2016-09-29,2026-09-27,1.2783970780070208,0.0859430669531711,0.2435780970686831,-0.39041571544941,0.2203473931534192,0.2251392504526512,0.7448237520931886,0.494676495767987,0.121700632229347,0.1577672484377154,0.2023878429260527,0.1838389188637813,56008600000.0,0.0510341955991942,Consumer Durables,Paints,Consumer Products,2,6.5798399224259825,6.5798399224259825,-5.301442844418961,0.1942899968812123,0.5,0.1887786627446379,0.1887786627446379,-0.1028355957914668,0.455258373502872,0.5,0.2680474106761287,0.2680474106761287,-0.0244693136074455,0.9087127402360512,0.5,-0.4038579180650489,-0.4038579180650489,0.0134422026156388,0.966715515496037,1.0,0.5256736646998577,0.5256736646998577,-0.3053262715464384,0.4191714517013712,0.5,0.5615303907299848,0.5615303907299848,-0.3363911402773336,0.400938674325306,0.5,0.834527777841326,0.834527777841326,-0.0897040257481374,0.8925092392009109,0.5,0.5029029431559054,0.5029029431559054,-0.0082264473879184,0.983642077462712,0.5,0.089903634939483,0.089903634939483,0.0317969972898639,1.3536786617278322,1.0,0.1221457512448012,0.1221457512448012,0.0356214971929141,1.291631078689938,1.0,0.2627235654800931,0.2627235654800931,-0.0603357225540404,0.770345220293487,0.5,1.066924235589313,1.066924235589313,-0.8830853167255317,0.1723073792228914,0.5,0.2494631656625444,0.2494631656625444,-0.1984289700633502,0.2045760762461803,0.5,14.285714285714285,universe,NIFTY50,14.285714285714285,universe,NIFTY50,89.79591836734694,universe,NIFTY50,87.75510204081633,universe,NIFTY50,79.59183673469389,universe,NIFTY50,69.38775510204081,universe,NIFTY50,40.81632653061224,universe,NIFTY50,51.28205128205128,universe,NIFTY50,34.69387755102041,universe,NIFTY50,14.285714285714285,14.285714285714285,86.93877551020408,57.71847200418628,34.69387755102041,41.58451072736787,38,24.49
CIPLA.NS,2016-09-29,2026-09-27,1.4937116995543271,0.0958057560220242,0.2566559806439403,-0.4339764500682816,0.2563779421600085,0.2899373584696544,0.4773223732704438,0.3008280157197913,0.1399853274917553,0.1748547273731771,0.1126636742908839,0.0178255951231341,8607100000.0,0.0208613614092996,Healthcare,Pharmaceuticals,Pharmaceuticals,3,1.4288804896840075,1.4937116995543271,0.0,1.0,0.6666666666666666,0.0922093837623579,0.0958057560220242,0.0,1.0,0.6666666666666666,0.2618509047235536,0.2566559806439403,0.0,1.0,0.6666666666666666,-0.4774455786164677,-0.4339764500682816,0.0,1.0,0.6666666666666666,0.2428209074272749,0.2563779421600085,0.0,1.0,0.6666666666666666,0.2600613138784323,0.2899373584696544,0.0,1.0,0.6666666666666666,0.5314117588554303,0.4781467906872075,-0.0008244174167637,0.9982758068592726,0.3333333333333333,0.3271505478676844,0.3029304255574914,-0.0021024098377001,0.993059760062625,0.3333333333333333,0.154904429451393,0.1399853274917553,0.0,1.0,0.6666666666666666,0.1858557876618402,0.1748547273731771,0.0,1.0,0.6666666666666666,0.1212226475354724,0.113641486966369,-0.000977812675485,0.9913956363860807,0.3333333333333333,0.092770129249573,0.0553705279005921,-0.037544932777458,0.3219329090583491,0.3333333333333333,0.0571775577341584,0.0319412659161073,-0.0110799045068076,0.6531162999015534,0.3333333333333333,50.0,peer_group,Pharmaceuticals,50.0,peer_group,Pharmaceuticals,50.0,peer_group,Pharmaceuticals,50.0,peer_group,Pharmaceuticals,100.0,peer_group,Pharmaceuticals,0.0,peer_group,Pharmaceuticals,50.0,peer_group,Pharmaceuticals,50.0,peer_group,Pharmaceuticals,0.0,peer_group,Pharmaceuticals,50.0,50.0,60.0,25.0,0.0,37.0,39,22.45
HINDALCO.NS,2016-09-29,2026-09-27,5.933010977188264,0.213936363511195,0.3690183586500737,-0.6820460154552108,0.5572563365718571,0.5600418855470298,1.3364677606729738,0.5858872807459746,0.0491156901724605,0.1071955164648146,0.0980429482439249,0.7260127541494915,-198460000000.0,0.1502814084768502,Metals & Mining,Non-Ferrous Metals,Metals,3,6.44259373624003,5.933010977188264,0.0,1.0,0.6666666666666666,0.2220748462439667,0.213936363511195,0.0,1.0,0.6666666666666666,0.3478766336708959,0.3460951126156732,0.0229232460344004,1.0662339489892074,1.0,-0.6614570946916637,-0.6573619560184233,-0.0246840594367875,1.0375501794875637,0.3333333333333333,0.5909569402083842,0.5696316599075649,-0.0123753233357077,0.978274867415698,0.3333333333333333,0.596861963431576,0.5819142017069,-0.0218723161598701,0.962413159713729,0.3333333333333333,1.300013653607951,1.282792314722252,0.0536754459507218,1.0418426625531692,1.0,0.6054370646530663,0.5986997675078507,-0.012812486761876,0.9785994793096224,0.3333333333333333,0.0728587393168614,0.0491156901724605,0.0,1.0,0.6666666666666666,0.1108989609755688,0.1071955164648146,0.0,1.0,0.6666666666666666,0.1422444480153799,0.1056486079497766,-0.0076056597058516,0.9280098445834016,0.3333333333333333,0.9401295065733728,0.9042165499549024,-0.1782037958054109,0.802919117312884,0.3333333333333333,0.1017153502466833,0.0928230526789735,0.0574583557978767,1.6190095470851962,1.0,50.0,peer_group,Metals,0.0,peer_group,Metals,0.0,peer_group,Metals,0.0,peer_group,Metals,0.0,peer_group,Metals,0.0,peer_group,Metals,50.0,peer_group,Metals,50.0,peer_group,Metals,100.0,peer_group,Metals,50.0,0.0,0.0,25.0,100.0,35.0,40,20.41
SHRIRAMFIN.NS,2016-09-29,2026-09-27,4.2094138546073365,0.1796883912432043,0.4283688675834322,-0.7186694228154366,0.4676886496280611,0.4816114324373916,1.4818610257378548,0.559586429943786,0.4004175076804716,,0.1520687866654914,2.760883690018248,-134776700000.0,0.1385807053721108,Financial Services,NBFC,Non-Banking Financials,4,4.452434380957746,4.469347150471839,-0.2599332958645028,0.9418408803090936,0.5,0.1503257982860958,0.1853329002624507,-0.0056445090192464,0.9695439449161308,0.5,0.3579769177329169,0.3406250337577137,0.0877438338257184,1.2575965508399205,1.0,-0.6027022985095165,-0.6050207790008062,-0.1136486438146303,1.1878425465028184,0.25,0.3890360983439378,0.4982957594521973,-0.0306071098241362,0.9385764192378756,0.5,0.3954906642002692,0.5116332928762491,-0.0300218604388575,0.9413215268496627,0.5,1.4010330083873896,1.40417929238771,0.0776817333501447,1.0553218052504194,1.0,0.6056818435908753,0.603611780988671,-0.0440253510448849,0.9270634662352436,0.5,0.3362052685768549,0.3916636787427585,0.008753828937713,1.0223503720483167,0.75,0.7192298394818715,0.7192298394818715,,,,0.1140852769770973,0.138929607313815,0.0131391793516763,1.0945743647140491,0.75,2.664198255094351,2.928028438297382,-0.1671447482791337,0.942915599420774,0.5,0.4590605564497329,0.1679639888881665,-0.0293832835160556,0.8250620045965947,0.5,33.33333333333333,peer_group,Non-Banking Financials,33.33333333333333,peer_group,Non-Banking Financials,0.0,peer_group,Non-Banking Financials,0.0,peer_group,Non-Banking Financials,0.0,peer_group,Non-Banking Financials,66.66666666666666,peer_group,Non-Banking Financials,66.66666666666666,peer_group,Non-Banking Financials,,,,33.33333333333333,peer_group,Non-Banking Financials,33.33333333333333,33.33333333333333,0.0,66.66666666666666,33.33333333333333,33.33333333333333,41,18.37
DRREDDY.NS,2016-09-29,2026-09-27,1.049783106495013,0.0745069818535431,0.2553137129092757,-0.4329746795985427,0.1785513981624873,0.189317899591766,0.4781467906872075,0.3029304255574914,0.127555197018453,0.1492053474948873,0.113641486966369,0.2051142647249929,18330000000.0,0.0319412659161073,Healthcare,Pharmaceuticals,Pharmaceuticals,3,1.4288804896840075,1.4937116995543271,-0.4439285930593142,0.7028016897827288,0.3333333333333333,0.0922093837623579,0.0958057560220242,-0.021298774168481,0.7776879484820843,0.3333333333333333,0.2618509047235536,0.2566559806439403,-0.0013422677346646,0.9947701677112806,0.3333333333333333,-0.4774455786164677,-0.4339764500682816,0.0010017704697389,0.9976916478542066,1.0,0.2428209074272749,0.2563779421600085,-0.0778265439975211,0.696438221861736,0.3333333333333333,0.2600613138784323,0.2899373584696544,-0.1006194588778884,0.6529613865250845,0.3333333333333333,0.5314117588554303,0.4781467906872075,0.0,1.0,0.6666666666666666,0.3271505478676844,0.3029304255574914,0.0,1.0,0.6666666666666666,0.154904429451393,0.1399853274917553,-0.0124301304733022,0.9112040476239598,0.3333333333333333,0.1858557876618402,0.1748547273731771,-0.0256493798782897,0.8533103435999843,0.3333333333333333,0.1212226475354724,0.113641486966369,0.0,1.0,0.6666666666666666,0.092770129249573,0.0553705279005921,0.1497437368244007,3.7043942418833167,1.0,0.0571775577341584,0.0319412659161073,0.0,1.0,0.6666666666666666,0.0,peer_group,Pharmaceuticals,0.0,peer_group,Pharmaceuticals,100.0,peer_group,Pharmaceuticals,100.0,peer_group,Pharmaceuticals,50.0,peer_group,Pharmaceuticals,50.0,peer_group,Pharmaceuticals,0.0,peer_group,Pharmaceuticals,0.0,peer_group,Pharmaceuticals,50.0,peer_group,Pharmaceuticals,0.0,0.0,90.0,25.0,50.0,33.0,42,16.33
TATASTEEL.NS,2016-09-29,2026-09-27,5.916904499323858,0.2136537034831849,0.3460951126156732,-0.644963312601357,0.5696316599075649,0.5819142017069,1.280780885428627,0.5986997675078507,0.0468700653995964,0.0972582071041788,0.1056486079497766,0.9042165499549024,205054100000.0,0.0620415895842263,Metals & Mining,Steel,Metals,3,6.44259373624003,5.933010977188264,-0.0161064778644055,0.9972852775890128,0.3333333333333333,0.2220748462439667,0.213936363511195,-0.00028266002801,0.9986787658564866,0.3333333333333333,0.3478766336708959,0.3460951126156732,0.0,1.0,0.6666666666666666,-0.6614570946916637,-0.6573619560184233,0.0123986434170663,0.9811387876898692,1.0,0.5909569402083842,0.5696316599075649,0.0,1.0,0.6666666666666666,0.596861963431576,0.5819142017069,0.0,1.0,0.6666666666666666,1.300013653607951,1.282792314722252,-0.002011429293625,0.9984319914685016,0.3333333333333333,0.6054370646530663,0.5986997675078507,0.0,1.0,0.6666666666666666,0.0728587393168614,0.0491156901724605,-0.0022456247728641,0.9542788716807395,0.3333333333333333,0.1108989609755688,0.1071955164648146,-0.0099373093606357,0.9072973414527316,0.3333333333333333,0.1422444480153799,0.1056486079497766,0.0,1.0,0.6666666666666666,0.9401295065733728,0.9042165499549024,0.0,1.0,0.6666666666666666,0.1017153502466833,0.0928230526789735,-0.0307814630947472,0.6683855765743428,0.3333333333333333,0.0,peer_group,Metals,50.0,peer_group,Metals,50.0,peer_group,Metals,100.0,peer_group,Metals,100.0,peer_group,Metals,50.0,peer_group,Metals,0.0,peer_group,Metals,0.0,peer_group,Metals,0.0,peer_group,Metals,0.0,50.0,80.0,25.0,0.0,31.0,43,14.29
MARUTI.NS,2016-09-29,2026-09-27,1.437173957193179,0.093292521437138,0.2738134805703382,-0.5826466124506664,0.2493602183538762,0.2607533124944953,1.0306636738081183,0.6088977985839356,0.082890960229618,0.0835058875479194,0.1369914788024595,0.0009565466519467,87023000000.0,0.2008936139625656,Automobile & Auto Components,Automobiles,Automobiles,5,2.2403243898937237,2.2021641664452867,-0.7649902092521077,0.6526189005759058,0.4,0.1022230582563463,0.1235870070417675,-0.0302944856046295,0.7548732158034123,0.4,0.3126280189862835,0.3045671802662348,-0.0307536996958965,0.8990249058712975,0.4,-0.6439532826356665,-0.6066457499983744,0.0239991375477079,0.960439618100395,0.8,0.3135217925873615,0.344553462198119,-0.0951932438442428,0.7237199613756704,0.4,0.3250464761105217,0.3606667335373991,-0.0999134210429038,0.7229757786004865,0.4,1.080933870771189,1.0306636738081183,0.0,1.0,0.6,0.5612446355350148,0.5434158403839275,0.065481958200008,1.1205006430319449,1.0,0.1673050414445787,0.1779242455631174,-0.0950332853334993,0.4658778232684034,0.2,0.1165102359724837,0.1555096778603812,-0.0720037903124617,0.5369819338375338,0.4,0.3104503821393737,0.2197289657631528,-0.0827374869606933,0.6234566222376137,0.2,0.5539452783896659,0.5830205971931904,-0.5820640505412438,0.0016406738570674,0.2,0.1647748031984627,0.2256985666861861,-0.0248049527236204,0.8900969860472815,0.4,25.0,peer_group,Automobiles,25.0,peer_group,Automobiles,75.0,peer_group,Automobiles,75.0,peer_group,Automobiles,50.0,peer_group,Automobiles,0.0,peer_group,Automobiles,0.0,peer_group,Automobiles,25.0,peer_group,Automobiles,25.0,peer_group,Automobiles,25.0,25.0,70.0,6.25,25.0,30.25,44,12.24
HDFCLIFE.NS,2016-09-29,2026-09-27,0.5826995567391773,0.0532226499321095,0.289999260760004,-0.4619193393594729,0.1203369521860314,0.1262992955252931,0.9115567340258404,0.5270153821535878,0.0208754383708879,,0.1077391301408374,0.1745960740391018,,0.0170724447262544,Financial Services,Life Insurance,Life Insurance,2,1.0451990892098135,1.0451990892098135,-0.4624995324706362,0.5575010184707557,0.5,0.0805294182676269,0.0805294182676269,-0.0273067683355174,0.6609094052465692,0.5,0.2777204416397406,0.2777204416397406,0.0122788191202633,1.0442128748167248,1.0,-0.4651737104098802,-0.4651737104098802,0.0032543710504073,0.99300396609357,1.0,0.2101219697257168,0.2101219697257168,-0.0897850175396854,0.5727004765047342,0.5,0.2142365374155324,0.2142365374155324,-0.0879372418902393,0.5895320053662154,0.5,0.8475067065984135,0.8475067065984135,0.0640500274274268,1.0755746555499257,1.0,0.5096361432561828,0.5096361432561828,0.017379238897405,1.0341012683801527,1.0,0.0216177569413225,0.0216177569413225,-0.0007423185704346,0.9656616284265968,0.5,,,,,,0.1185845393971503,0.1185845393971503,-0.0108454092563129,0.9085428057363308,0.5,0.1745960740391018,0.1745960740391018,0.0,1.0,1.0,-0.0128405441815566,-0.0128405441815566,0.029912988907811,-1.3295733019458982,1.0,10.0,sector,Financial Services,10.0,sector,Financial Services,70.0,sector,Financial Services,80.0,sector,Financial Services,90.0,sector,Financial Services,30.0,sector,Financial Services,0.0,sector,Financial Services,,,,20.0,sector,Financial Services,10.0,10.0,78.0,20.0,20.0,27.6,45,10.2
ITC.NS,2016-09-29,2026-09-27,0.6315589763219571,0.0502350385237952,0.2376683335440587,-0.552811347150198,0.0770009701967584,0.0783423320817884,0.7104438855909022,0.4835841787496602,0.2645263055071977,0.3272531212090837,0.2853432688846502,0.0330912887392028,162814200000.0,0.0476865596868296,Fast Moving Consumer Goods,FMCG,FMCG & Consumer Staples,4,3.261588025139756,2.7269425784489276,-2.0953836021269705,0.2315996608484455,0.25,0.1382055781814388,0.135865422026211,-0.0856303835024158,0.3697411583802676,0.25,0.2429452605746093,0.2286733560259464,0.0089949775181122,1.039335485665814,0.75,-0.3906062375547058,-0.3904073343153268,-0.1624040128348711,1.4159860703428784,0.25,0.3967060564034499,0.4247279133664915,-0.3477269431697331,0.181294819044105,0.25,0.4288337111917493,0.463782901527817,-0.3854405694460286,0.1689202681334502,0.25,0.68581440622442,0.6519836847960769,0.0584602007948252,1.0896651283737415,0.75,0.4531370978572706,0.4603944511523627,0.0231897275972974,1.0503692595322418,0.75,0.1841557343572955,0.1978169486399245,0.0667093568672732,1.3372277114065725,1.0,0.2205830614947396,0.223647786181838,0.1036053350272456,1.463252227066575,1.0,0.3661440290451026,0.2969660248563757,-0.0116227559717254,0.9608616643020134,0.5,0.120948961845489,0.0812503171801494,-0.0481590284409466,0.4072758099618526,0.5,0.1120593691920031,0.1023581850969632,-0.0546716254101336,0.4658793006309796,0.25,0.0,peer_group,FMCG & Consumer Staples,0.0,peer_group,FMCG & Consumer Staples,33.33333333333334,peer_group,FMCG & Consumer Staples,0.0,peer_group,FMCG & Consumer Staples,33.33333333333334,peer_group,FMCG & Consumer Staples,33.33333333333333,peer_group,FMCG & Consumer Staples,100.0,peer_group,FMCG & Consumer Staples,100.0,peer_group,FMCG & Consumer Staples,0.0,peer_group,FMCG & Consumer Staples,0.0,0.0,20.000000000000007,66.66666666666666,0.0,17.333333333333336,46,8.16
AXISBANK.NS,2016-09-29,2026-09-27,1.3030984846524705,0.0871161412942396,0.3200891201040146,-0.6311053867531768,0.2404243662535433,0.2414371708336418,1.3235779979044429,0.6688791891299191,0.2995986819626942,,0.1227000583857491,1.304486076359073,-108467100000.0,0.0401446444024584,Financial Services,Bank,Banks,5,2.611502712632709,1.6344133118121698,-0.3313148271596993,0.7972882227737419,0.2,0.1293137626154807,0.1018444407089533,-0.0147282994147136,0.8553843556684296,0.2,0.2838007218883405,0.2913273724681753,0.0287617476358392,1.0987265542271736,1.0,-0.4969284636416565,-0.4830725599720432,-0.1480328267811336,1.3064401480177237,0.2,0.3613585800515754,0.2792032449565992,-0.0387788787030559,0.8611087822095911,0.2,0.373573531509297,0.2819900238851402,-0.0405528530514984,0.8561904691067499,0.2,1.182197434329127,1.2675229006221365,0.0560550972823064,1.0442241298005686,1.0,0.6759317118155941,0.6688791891299191,0.0,1.0,0.6,0.2761922041252246,0.2544961931937709,0.0451024887689232,1.1772226460557806,0.8,,,,,,0.1208927511964969,0.1227000583857491,0.0,1.0,0.6,0.8871006340464888,0.8134343829261803,0.4910516934328928,1.6036770804627472,1.0,0.053657900800407,0.0473320758466673,-0.0071874314442089,0.8481488226400073,0.4,0.0,peer_group,Banks,0.0,peer_group,Banks,0.0,peer_group,Banks,0.0,peer_group,Banks,0.0,peer_group,Banks,50.0,peer_group,Banks,75.0,peer_group,Banks,,,,25.0,peer_group,Banks,0.0,0.0,0.0,58.333333333333336,25.0,16.666666666666668,47,6.12
TMPV.NS,2016-09-29,2026-09-27,-0.4335315746789286,-0.0553147735031241,0.4258168426446918,-0.8845677975289934,-0.05787766767952,-0.0580126412589603,1.4194630916721251,0.5434158403839275,0.2471331771566036,-0.0850763236277794,0.7351786415390655,0.7263001035085841,-232410000000.0,-0.0828174950341966,Automobile & Auto Components,Automobiles,Automobiles,5,2.2403243898937237,2.2021641664452867,-2.6356957411242155,-0.1968661470769145,0.2,0.1022230582563463,0.1235870070417675,-0.1789017805448916,-0.447577579772847,0.2,0.3126280189862835,0.3045671802662348,0.1212496623784569,1.3981048196738322,1.0,-0.6439532826356665,-0.6066457499983744,-0.277922047530619,1.458129060545407,0.2,0.3135217925873615,0.344553462198119,-0.402431129877639,-0.1679787726127686,0.2,0.3250464761105217,0.3606667335373991,-0.4186793747963594,-0.1608483285663071,0.2,1.080933870771189,1.0306636738081183,0.3887994178640068,1.3772320959246214,1.0,0.5612446355350148,0.5434158403839275,0.0,1.0,0.6,0.1673050414445787,0.1779242455631174,0.0692089315934862,1.3889797670601045,1.0,0.1165102359724837,0.1555096778603812,-0.2405860014881606,-0.5470805727226966,0.2,0.3104503821393737,0.2197289657631528,0.5154496757759127,3.3458430889422157,1.0,0.5539452783896659,0.5830205971931904,0.1432795063153936,1.2457537641125849,0.8,0.1647748031984627,0.2256985666861861,-0.3085160617203827,-0.3669385067444712,0.2,0.0,peer_group,Automobiles,0.0,peer_group,Automobiles,0.0,peer_group,Automobiles,0.0,peer_group,Automobiles,0.0,peer_group,Automobiles,100.0,peer_group,Automobiles,100.0,peer_group,Automobiles,0.0,peer_group,Automobiles,0.0,peer_group,Automobiles,0.0,0.0,0.0,75.0,0.0,15.0,48,4.08
WIPRO.NS,2016-09-29,2026-09-27,1.062295661936854,0.0751619088355972,0.2626078055964309,-0.5034186440054831,0.1831981926535169,0.1895050381377672,0.7462020204085487,0.4596849155398428,0.142483589566419,0.1610014683019519,0.1490611813392849,0.2291815380723044,133713000000.0,0.039686423821732,Information Technology,IT Services,IT Services,5,2.2177531335011365,1.5714235052882604,-0.5091278433514064,0.6760085097123373,0.2,0.1173268765021429,0.0991778243568444,-0.0240159155212471,0.7578499460238479,0.2,0.2663611051989751,0.2655186348854563,-0.0029108292890254,0.9890371939796953,0.4,-0.4864771851148087,-0.4817164495127711,-0.0217021944927119,1.045051802807777,0.4,0.3243033669381369,0.2700588340674139,-0.0868606414138969,0.6783640064438171,0.2,0.326349540344292,0.2692907191621561,-0.0797856810243888,0.7037191579694021,0.2,0.7690051606707824,0.7489662595658186,-0.0027642391572699,0.9963092607684724,0.4,0.4670088452267079,0.4618104767648476,-0.0021255612250047,0.995397330004518,0.4,0.1407355117048834,0.142483589566419,0.0,1.0,0.6,0.2117052500427919,0.2028475047127691,-0.0418460364108172,0.7937069205259835,0.4,0.2660670910366742,0.2214062396061997,-0.0723450582669148,0.6732474279153556,0.2,0.1152818352344436,0.0988146331493971,0.1303669049229073,2.319307685186733,1.0,0.0630491087585069,0.0458123795647882,-0.0061259557430562,0.8662816513516214,0.2,0.0,peer_group,IT Services,0.0,peer_group,IT Services,75.0,peer_group,IT Services,25.0,peer_group,IT Services,75.0,peer_group,IT Services,0.0,peer_group,IT Services,50.0,peer_group,IT Services,25.0,peer_group,IT Services,0.0,peer_group,IT Services,0.0,0.0,55.0,18.75,0.0,14.75,49,2.04
ONGC.NS,2016-09-29,2026-09-27,1.384430671345136,0.0909002024461815,0.3296745243507734,-0.6951841122231752,0.2520531320999699,0.2541522355564168,0.882259562408571,0.4329348289845979,0.0684387794246575,0.1351904917471612,0.1114254181161657,0.4688387088505071,587288590000.0,-0.0060373403517369,"Oil, Gas & Consumable Fuels",Oil & Gas,Energy,3,2.5018332451499457,1.8799062503029456,-0.4954755789578096,0.7364360170205487,0.3333333333333333,0.1276747107394556,0.1117176527034253,-0.0208174502572438,0.813660153489731,0.3333333333333333,0.2959581909304152,0.2878534424462928,0.0418210819044805,1.1452860231549375,1.0,-0.5722953664552077,-0.5708184563498546,-0.1243656558733206,1.217872520570878,0.3333333333333333,0.3664769909526351,0.3098899432156622,-0.0578368111156923,0.8133633814781726,0.3333333333333333,0.3815110441310476,0.3231980595494598,-0.0690458239930429,0.7863668362078247,0.3333333333333333,0.9103726940956068,0.882259562408571,0.0,1.0,0.6666666666666666,0.5039538708790026,0.4329348289845979,0.0,1.0,0.6666666666666666,0.1105624526806828,0.0764032806826211,-0.0079645012579636,0.8957570776175422,0.3333333333333333,0.1467488309679231,0.1351904917471612,0.0,1.0,0.6666666666666666,0.153949690504484,0.1114254181161657,0.0,1.0,0.6666666666666666,0.3424141206616873,0.4402508766302003,0.0285878322203068,1.0649353215128745,1.0,0.0302022489931588,0.0007317089890881,-0.0067690493408249,-8.2510129597574,0.3333333333333333,0.0,peer_group,Energy,0.0,peer_group,Energy,0.0,peer_group,Energy,0.0,peer_group,Energy,50.0,peer_group,Energy,50.0,peer_group,Energy,0.0,peer_group,Energy,50.0,peer_group,Energy,0.0,peer_group,Energy,0.0,0.0,10.0,37.5,0.0,9.5,50,0.0
