month,gsec_10y_yield_pct,source,yield_type,status
2016-01,7.779,historical monthly series; secondary compilation,monthly average,provisional
2016-02,7.623,historical monthly series; secondary compilation,monthly average,provisional
2016-03,7.459,historical monthly series; secondary compilation,monthly average,provisional
2016-04,7.435,historical monthly series; secondary compilation,monthly average,provisional
2016-05,7.471,historical monthly series; secondary compilation,monthly average,provisional
2016-06,7.448,historical monthly series; secondary compilation,monthly average,provisional
2016-07,7.163,historical monthly series; secondary compilation,monthly average,provisional
2016-08,7.11,historical monthly series; secondary compilation,monthly average,provisional
2016-09,6.958,historical monthly series; secondary compilation,monthly average,provisional
2016-10,6.885,historical monthly series; secondary compilation,monthly average,provisional
2016-11,6.243,historical monthly series; secondary compilation,monthly average,provisional
2016-12,6.512,historical monthly series; secondary compilation,monthly average,provisional
2017-01,6.407,historical monthly series; secondary compilation,monthly average,provisional
2017-02,6.87,historical monthly series; secondary compilation,monthly average,provisional
2017-03,6.658,historical monthly series; secondary compilation,monthly average,provisional
2017-04,6.961,historical monthly series; secondary compilation,monthly average,provisional
2017-05,6.661,historical monthly series; secondary compilation,monthly average,provisional
2017-06,6.511,historical monthly series; secondary compilation,monthly average,provisional
2017-07,6.465,historical monthly series; secondary compilation,monthly average,provisional
2017-08,6.525,historical monthly series; secondary compilation,monthly average,provisional
2017-09,6.663,historical monthly series; secondary compilation,monthly average,provisional
2017-10,6.862,historical monthly series; secondary compilation,monthly average,provisional
2017-11,7.058,historical monthly series; secondary compilation,monthly average,provisional
2017-12,7.326,historical monthly series; secondary compilation,monthly average,provisional
2018-01,7.43,historical monthly series; secondary compilation,monthly average,provisional
2018-02,7.726,historical monthly series; secondary compilation,monthly average,provisional
2018-03,7.398,historical monthly series; secondary compilation,monthly average,provisional
2018-04,7.767,historical monthly series; secondary compilation,monthly average,provisional
2018-05,7.826,historical monthly series; secondary compilation,monthly average,provisional
2018-06,7.903,historical monthly series; secondary compilation,monthly average,provisional
2018-07,7.772,historical monthly series; secondary compilation,monthly average,provisional
2018-08,7.951,historical monthly series; secondary compilation,monthly average,provisional
2018-09,8.024,historical monthly series; secondary compilation,monthly average,provisional
2018-10,7.853,historical monthly series; secondary compilation,monthly average,provisional
2018-11,7.607,historical monthly series; secondary compilation,monthly average,provisional
2018-12,7.37,historical monthly series; secondary compilation,monthly average,provisional
2019-01,7.483,historical monthly series; secondary compilation,monthly average,provisional
2019-02,7.591,historical monthly series; secondary compilation,monthly average,provisional
2019-03,7.346,historical monthly series; secondary compilation,monthly average,provisional
2019-04,7.414,historical monthly series; secondary compilation,monthly average,provisional
2019-05,7.032,historical monthly series; secondary compilation,monthly average,provisional
2019-06,6.879,historical monthly series; secondary compilation,monthly average,provisional
2019-07,6.369,historical monthly series; secondary compilation,monthly average,provisional
2019-08,6.556,historical monthly series; secondary compilation,monthly average,provisional
2019-09,6.695,historical monthly series; secondary compilation,monthly average,provisional
2019-10,6.643,historical monthly series; secondary compilation,monthly average,provisional
2019-11,6.46,historical monthly series; secondary compilation,monthly average,provisional
2019-12,6.554,historical monthly series; secondary compilation,monthly average,provisional
2020-01,6.599,historical monthly series; secondary compilation,monthly average,provisional
2020-02,6.371,historical monthly series; secondary compilation,monthly average,provisional
2020-03,6.138,historical monthly series; secondary compilation,monthly average,provisional
2020-04,6.11,historical monthly series; secondary compilation,monthly average,provisional
2020-05,6.013,historical monthly series; secondary compilation,monthly average,provisional
2020-06,5.888,historical monthly series; secondary compilation,monthly average,provisional
2020-07,5.837,historical monthly series; secondary compilation,monthly average,provisional
2020-08,6.078,historical monthly series; secondary compilation,monthly average,provisional
2020-09,6.015,historical monthly series; secondary compilation,monthly average,provisional
2020-10,5.881,historical monthly series; secondary compilation,monthly average,provisional
2020-11,5.911,historical monthly series; secondary compilation,monthly average,provisional
2020-12,5.894,historical monthly series; secondary compilation,monthly average,provisional
2021-01,5.949,historical monthly series; secondary compilation,monthly average,provisional
2021-02,6.229,historical monthly series; secondary compilation,monthly average,provisional
2021-03,6.177,historical monthly series; secondary compilation,monthly average,provisional
2021-04,6.03,historical monthly series; secondary compilation,monthly average,provisional
2021-05,6.022,historical monthly series; secondary compilation,monthly average,provisional
2021-06,6.051,historical monthly series; secondary compilation,monthly average,provisional
2021-07,6.204,historical monthly series; secondary compilation,monthly average,provisional
2021-08,6.215,historical monthly series; secondary compilation,monthly average,provisional
2021-09,6.223,historical monthly series; secondary compilation,monthly average,provisional
2021-10,6.388,historical monthly series; secondary compilation,monthly average,provisional
2021-11,6.326,historical monthly series; secondary compilation,monthly average,provisional
2021-12,6.454,historical monthly series; secondary compilation,monthly average,provisional
2022-01,6.684,historical monthly series; secondary compilation,monthly average,provisional
2022-02,6.77,historical monthly series; secondary compilation,monthly average,provisional
2022-03,6.843,historical monthly series; secondary compilation,monthly average,provisional
2022-04,7.139,historical monthly series; secondary compilation,monthly average,provisional
2022-05,7.415,historical monthly series; secondary compilation,monthly average,provisional
2022-06,7.45,historical monthly series; secondary compilation,monthly average,provisional
2022-07,7.32,historical monthly series; secondary compilation,monthly average,provisional
2022-08,7.188,historical monthly series; secondary compilation,monthly average,provisional
2022-09,7.398,historical monthly series; secondary compilation,monthly average,provisional
2022-10,7.445,historical monthly series; secondary compilation,monthly average,provisional
2022-11,7.28,historical monthly series; secondary compilation,monthly average,provisional
2022-12,7.327,historical monthly series; secondary compilation,monthly average,provisional
2023-01,7.343,historical monthly series; secondary compilation,monthly average,provisional
2023-02,7.457,historical monthly series; secondary compilation,monthly average,provisional
2023-03,7.315,historical monthly series; secondary compilation,monthly average,provisional
2023-04,7.5,historical monthly series; secondary compilation,monthly average,provisional
2023-05,7.41,historical monthly series; secondary compilation,monthly average,provisional
2023-06,7.44,historical monthly series; secondary compilation,monthly average,provisional
2023-07,7.53,historical monthly series; secondary compilation,monthly average,provisional
2023-08,7.61,historical monthly series; secondary compilation,monthly average,provisional
2023-09,7.68,historical monthly series; secondary compilation,monthly average,provisional
2023-10,7.71,historical monthly series; secondary compilation,monthly average,provisional
2023-11,7.72,historical monthly series; secondary compilation,monthly average,provisional
2023-12,7.22,historical monthly series; secondary compilation,monthly average,provisional
